{
	"credit": "Bray was here :)",
	"textures": {
		"3": "block/cake/cake_berries",
		"bottom": "block/cake/cake_bottom",
		"top": "block/cake/cake_top",
		"particle": "block/cake/cake_side",
		"side": "block/cake/cake_side"
	},
	"elements": [
		{
			"from": [1, 0, 1],
			"to": [15, 7, 15],
			"faces": {
				"north": {"uv": [1, 9, 15, 16], "texture": "#side"},
				"east": {"uv": [1, 9, 15, 16], "texture": "#side"},
				"south": {"uv": [1, 9, 15, 16], "texture": "#side"},
				"west": {"uv": [1, 9, 15, 16], "texture": "#side"},
				"up": {"uv": [1, 1, 15, 15], "texture": "#top"},
				"down": {"uv": [1, 1, 15, 15], "texture": "#bottom", "cullface": "down"}
			}
		},
		{
			"from": [3, 7, 3],
			"to": [13, 11, 13],
			"rotation": {"angle": 0, "axis": "y", "origin": [0, 7, 0]},
			"faces": {
				"north": {"uv": [3, 9, 13, 13], "texture": "#side"},
				"east": {"uv": [3, 9, 13, 13], "texture": "#side"},
				"south": {"uv": [3, 9, 13, 13], "texture": "#side"},
				"west": {"uv": [3, 9, 13, 13], "texture": "#side"},
				"up": {"uv": [2, 3, 12, 13], "texture": "#3"},
				"down": {"uv": [3, 3, 13, 13], "texture": "#bottom", "cullface": "down"}
			}
		},
		{
			"from": [5, 11, 5],
			"to": [11, 13, 11],
			"rotation": {"angle": 0, "axis": "y", "origin": [0, 11, 0]},
			"faces": {
				"north": {"uv": [4, 10, 12, 13], "texture": "#side"},
				"east": {"uv": [4, 10, 12, 13], "texture": "#side"},
				"south": {"uv": [4, 10, 12, 13], "texture": "#side"},
				"west": {"uv": [4, 10, 12, 13], "texture": "#side"},
				"up": {"uv": [5, 5, 11, 11], "texture": "#top"},
				"down": {"uv": [3, 3, 13, 13], "texture": "#bottom", "cullface": "down"}
			}
		},
		{
			"from": [7, 13, 7],
			"to": [9, 14, 9],
			"rotation": {"angle": 0, "axis": "y", "origin": [0, 13, 0]},
			"faces": {
				"north": {"uv": [9, 7, 7, 8], "texture": "#3"},
				"east": {"uv": [9, 7, 10, 9], "rotation": 90, "texture": "#3"},
				"south": {"uv": [7, 9, 9, 10], "texture": "#3"},
				"west": {"uv": [7, 9, 8, 7], "rotation": 90, "texture": "#3"},
				"up": {"uv": [7, 7, 9, 9], "texture": "#3"},
				"down": {"uv": [3, 3, 13, 13], "texture": "#3", "cullface": "down"}
			}
		}
	]
}