{
	"credit": "Bray was here :)",
	"textures": {
		"bottom": "block/cake/cake_bottom",
		"top": "block/cake/cake_top",
		"particle": "block/cake/cake_side",
		"side": "block/cake/cake_side"
	},
	"elements": [
		{
			"from": [8, 0, 1],
			"to": [15, 7, 8],
			"rotation": {"angle": 0, "axis": "y", "origin": [7, 0, 0]},
			"faces": {
				"north": {"uv": [1, 9, 8, 16], "texture": "#side"},
				"east": {"uv": [8, 9, 15, 16], "texture": "#side"},
				"south": {"uv": [8, 9, 15, 16], "texture": "#side"},
				"west": {"uv": [1, 8, 8, 15], "texture": "#bottom"},
				"up": {"uv": [8, 1, 15, 8], "texture": "#top"},
				"down": {"uv": [8, 8, 15, 15], "texture": "#bottom", "cullface": "down"}
			}
		},
		{
			"from": [8, 0, 8],
			"to": [15, 7, 15],
			"rotation": {"angle": 0, "axis": "y", "origin": [7, 0, 7]},
			"faces": {
				"north": {"uv": [1, 9, 8, 16], "texture": "#side"},
				"east": {"uv": [1, 9, 8, 16], "texture": "#side"},
				"south": {"uv": [8, 9, 15, 16], "texture": "#side"},
				"west": {"uv": [8, 8, 15, 15], "texture": "#bottom"},
				"up": {"uv": [8, 8, 15, 15], "texture": "#top"},
				"down": {"uv": [8, 1, 15, 8], "texture": "#bottom", "cullface": "down"}
			}
		},
		{
			"from": [8, 7.025, 3],
			"to": [13, 7.025, 8],
			"rotation": {"angle": 0, "axis": "y", "origin": [3, 7, 3]},
			"faces": {
				"up": {"uv": [8, 3, 3, 8], "texture": "#bottom"}
			}
		},
		{
			"from": [8, 7.025, 8],
			"to": [13, 7.025, 13],
			"rotation": {"angle": 0, "axis": "y", "origin": [3, 7, 8]},
			"faces": {
				"up": {"uv": [8, 8, 3, 13], "texture": "#bottom"}
			}
		}
	]
}