{
	"credit": "Bray was here :)",
	"textures": {
		"bottom": "block/cake/cake_bottom",
		"top": "block/cake/cake_top",
		"particle": "block/cake/cake_side",
		"side": "block/cake/cake_side",
		"berries": "block/cake/cake_berries"
	},
	"elements": [
		{
			"from": [7, 10, 7],
			"to": [9, 16, 9],
			"rotation": {"angle": 0, "axis": "y", "origin": [0, 2, 0]},
			"faces": {
				"north": {"uv": [0, 8, 2, 14], "texture": "#candle"},
				"east": {"uv": [0, 8, 2, 14], "texture": "#candle"},
				"south": {"uv": [0, 8, 2, 14], "texture": "#candle"},
				"west": {"uv": [0, 8, 2, 14], "texture": "#candle"},
				"up": {"uv": [0, 6, 2, 8], "texture": "#candle"},
				"down": {"uv": [0, 14, 2, 16], "texture": "#candle", "cullface": "down"}
			}
		},
		{
			"from": [7.5, 16, 8],
			"to": [8.5, 17, 8],
			"rotation": {"angle": -45, "axis": "y", "origin": [8, 16, 8]},
			"faces": {
				"north": {"uv": [0, 5, 1, 6], "texture": "#candle"},
				"south": {"uv": [0, 5, 1, 6], "texture": "#candle"}
			}
		},
		{
			"from": [7.5, 16, 8],
			"to": [8.5, 17, 8],
			"rotation": {"angle": 45, "axis": "y", "origin": [8, 16, 8]},
			"faces": {
				"north": {"uv": [0, 5, 1, 6], "texture": "#candle"},
				"south": {"uv": [0, 5, 1, 6], "texture": "#candle"}
			}
		},
		{
			"from": [1, 0, 1],
			"to": [15, 7, 15],
			"faces": {
				"north": {"uv": [1, 9, 15, 16], "texture": "#side"},
				"east": {"uv": [1, 9, 15, 16], "texture": "#side"},
				"south": {"uv": [1, 9, 15, 16], "texture": "#side"},
				"west": {"uv": [1, 9, 15, 16], "texture": "#side"},
				"up": {"uv": [1, 1, 15, 15], "texture": "#top"},
				"down": {"uv": [1, 1, 15, 15], "texture": "#bottom", "cullface": "down"}
			}
		},
		{
			"from": [3, 7, 3],
			"to": [13, 11, 13],
			"rotation": {"angle": 0, "axis": "y", "origin": [0, 7, 0]},
			"faces": {
				"north": {"uv": [3, 9, 13, 13], "texture": "#side"},
				"east": {"uv": [3, 9, 13, 13], "texture": "#side"},
				"south": {"uv": [3, 9, 13, 13], "texture": "#side"},
				"west": {"uv": [3, 9, 13, 13], "texture": "#side"},
				"up": {"uv": [2, 3, 12, 13], "texture": "#berries"},
				"down": {"uv": [3, 3, 13, 13], "texture": "#missing", "cullface": "down"}
			}
		},
		{
			"from": [5, 11, 5],
			"to": [11, 13, 11],
			"rotation": {"angle": 0, "axis": "y", "origin": [0, 11, 0]},
			"faces": {
				"north": {"uv": [4, 10, 12, 13], "texture": "#side"},
				"east": {"uv": [4, 10, 12, 13], "texture": "#side"},
				"south": {"uv": [4, 10, 12, 13], "texture": "#side"},
				"west": {"uv": [4, 10, 12, 13], "texture": "#side"},
				"up": {"uv": [5, 5, 11, 11], "texture": "#top"},
				"down": {"uv": [3, 3, 13, 13], "texture": "#missing", "cullface": "down"}
			}
		}
	]
}