{
    "variants": {
        "": [
			{ "model": "block/leaves/dark_oak_leaves_0", "weight": 10 },
			{ "model": "block/leaves/dark_oak_leaves_1", "weight": 10 },
			{ "model": "block/leaves/dark_oak_leaves_0", "y": 90, "weight": 10 },
			{ "model": "block/leaves/dark_oak_leaves_1", "y": 90, "weight": 10 },
			{ "model": "block/leaves/dark_oak_leaves_0", "y": 180, "weight": 10 },
			{ "model": "block/leaves/dark_oak_leaves_1", "y": 180, "weight": 10 },
			{ "model": "block/leaves/dark_oak_leaves_0", "y": 270, "weight": 10 },
			{ "model": "block/leaves/dark_oak_leaves_1", "y": 270, "weight": 10 }
		]
    }
}
