{
	"credit": "Made with Blockbench",
	"ambientocclusion": false,
	"textures": {
		"particle": "block/carrot/carrots_stage0",
		"crops": "block/carrot/carrots_stage0"
	},
	"elements": [
		{
			"name": "Carrot2_Stem",
			"from": [13, -1, 3.75],
			"to": [13, 1, 7.75],
			"rotation": {"angle": 0, "axis": "y", "origin": [12, 0.25, 2.75]},
			"faces": {
				"east": {"uv": [6, 14, 2, 16], "texture": "#crops"},
				"west": {"uv": [2, 14, 6, 16], "texture": "#crops"}
			}
		},
		{
			"name": "Carrot2_Stem",
			"from": [7, -1, 13.75],
			"to": [11, 1, 13.75],
			"rotation": {"angle": 0, "axis": "y", "origin": [10, 0.5, 12.75]},
			"faces": {
				"north": {"uv": [2, 14, 6, 16], "texture": "#crops"},
				"south": {"uv": [6, 14, 2, 16], "texture": "#crops"}
			}
		},
		{
			"name": "Carrot2_Stem",
			"from": [14, -1, 9.75],
			"to": [14, 1, 13.75],
			"rotation": {"angle": 0, "axis": "y", "origin": [12, 0.25, 10.75]},
			"faces": {
				"east": {"uv": [15, 14, 11, 16], "texture": "#crops"},
				"west": {"uv": [11, 14, 15, 16], "texture": "#crops"}
			}
		},
		{
			"name": "Carrot2_Stem",
			"from": [3, -1, 1.75],
			"to": [3, 1, 5.75],
			"rotation": {"angle": 0, "axis": "y", "origin": [3, 0, 3.75]},
			"faces": {
				"east": {"uv": [15, 14, 11, 16], "texture": "#crops"},
				"west": {"uv": [11, 14, 15, 16], "texture": "#crops"}
			}
		},
		{
			"name": "Carrot1_Stem",
			"from": [4.11732, -1, 7.67388],
			"to": [9.11732, 2, 7.67388],
			"rotation": {"angle": 0, "axis": "y", "origin": [6.61732, 1, 7.67388]},
			"faces": {
				"north": {"uv": [6, 13, 11, 16], "texture": "#crops"},
				"south": {"uv": [6, 13, 11, 16], "texture": "#crops"}
			}
		},
		{
			"name": "Carrot1_Stem",
			"from": [6.11732, -1, 2.67388],
			"to": [11.11732, 2, 2.67388],
			"rotation": {"angle": 0, "axis": "y", "origin": [7.61732, 0.5, 2.67388]},
			"faces": {
				"north": {"uv": [6, 13, 11, 16], "texture": "#crops"},
				"south": {"uv": [6, 13, 11, 16], "texture": "#crops"}
			}
		},
		{
			"name": "Carrot1_Stem",
			"from": [1.61732, -1, 9.17388],
			"to": [1.61732, 2, 14.17388],
			"rotation": {"angle": 0, "axis": "y", "origin": [6.61732, 1, 11.67388]},
			"faces": {
				"east": {"uv": [6, 13, 11, 16], "texture": "#crops"},
				"west": {"uv": [6, 13, 11, 16], "texture": "#crops"}
			}
		}
	],
	"display": {}
}