{
	"credit": "Made with Blockbench",
	"ambientocclusion": false,
	"textures": {
		"particle": "block/carrot/carrots_stage1",
		"crops": "block/carrot/carrots_stage1"
	},
	"elements": [
		{
			"name": "Carrot2_Stem",
			"from": [13, -1, 2.75],
			"to": [13, 3, 8.75],
			"rotation": {"angle": 0, "axis": "y", "origin": [13, 0, 5.75]},
			"faces": {
				"north": {"uv": [0, 0, 0, 0], "texture": "#crops"},
				"east": {"uv": [7, 12, 1, 16], "texture": "#crops"},
				"south": {"uv": [1, 0, 1, 0], "texture": "#crops"},
				"west": {"uv": [1, 12, 7, 16], "texture": "#crops"},
				"up": {"uv": [0, 0, 0, 0], "texture": "#crops"},
				"down": {"uv": [0, 0, 0, 0], "texture": "#crops"}
			}
		},
		{
			"name": "Carrot2_Stem",
			"from": [7, -1, 13.75],
			"to": [13, 3, 13.75],
			"rotation": {"angle": 0, "axis": "y", "origin": [10, 0.5, 12.75]},
			"faces": {
				"north": {"uv": [1, 12, 7, 16], "texture": "#crops"},
				"east": {"uv": [0, 0, 0, 0], "texture": "#crops"},
				"south": {"uv": [7, 12, 1, 16], "texture": "#crops"},
				"west": {"uv": [0, 0, 0, 0], "texture": "#crops"},
				"up": {"uv": [0, 0, 0, 0], "rotation": 90, "texture": "#crops"},
				"down": {"uv": [0, 0, 0, 0], "rotation": 270, "texture": "#crops"}
			}
		},
		{
			"name": "Carrot2_Stem",
			"from": [14, -1, 9.75],
			"to": [14, 3, 15.75],
			"rotation": {"angle": 0, "axis": "y", "origin": [12, 0.25, 10.75]},
			"faces": {
				"north": {"uv": [0, 0, 0, 0], "texture": "#crops"},
				"east": {"uv": [16, 12, 10, 16], "texture": "#crops"},
				"south": {"uv": [1, 0, 1, 0], "texture": "#crops"},
				"west": {"uv": [10, 12, 16, 16], "texture": "#crops"},
				"up": {"uv": [0, 0, 0, 0], "texture": "#crops"},
				"down": {"uv": [0, 0, 0, 0], "texture": "#crops"}
			}
		},
		{
			"name": "Carrot2_Stem",
			"from": [3, -1, 1.75],
			"to": [3, 3, 7.75],
			"rotation": {"angle": 0, "axis": "y", "origin": [3, 0, 3.75]},
			"faces": {
				"north": {"uv": [0, 0, 0, 0], "texture": "#crops"},
				"east": {"uv": [16, 12, 10, 16], "texture": "#crops"},
				"south": {"uv": [1, 0, 1, 0], "texture": "#crops"},
				"west": {"uv": [10, 12, 16, 16], "texture": "#crops"},
				"up": {"uv": [0, 0, 0, 0], "texture": "#crops"},
				"down": {"uv": [0, 0, 0, 0], "texture": "#crops"}
			}
		},
		{
			"name": "Carrot1_Stem",
			"from": [3.11732, -1, 7.67388],
			"to": [10.11732, 4, 7.67388],
			"rotation": {"angle": 0, "axis": "y", "origin": [6.61732, 1, 7.67388]},
			"faces": {
				"north": {"uv": [5, 11, 12, 16], "texture": "#crops"},
				"east": {"uv": [0, 0, 0, 0], "texture": "#crops"},
				"south": {"uv": [5, 11, 12, 16], "texture": "#crops"},
				"west": {"uv": [0, 0, 0, 0], "texture": "#crops"},
				"up": {"uv": [0, 0, 0, 0], "rotation": 270, "texture": "#crops"},
				"down": {"uv": [0, 0, 0, 0], "rotation": 90, "texture": "#crops"}
			}
		},
		{
			"name": "Carrot1_Stem",
			"from": [7.11732, -1, 1.67388],
			"to": [14.11732, 4, 1.67388],
			"rotation": {"angle": 0, "axis": "y", "origin": [7.61732, 0.5, 2.67388]},
			"faces": {
				"north": {"uv": [5, 11, 12, 16], "texture": "#crops"},
				"east": {"uv": [0, 0, 0, 0], "texture": "#crops"},
				"south": {"uv": [5, 11, 12, 16], "texture": "#crops"},
				"west": {"uv": [0, 0, 0, 0], "texture": "#crops"},
				"up": {"uv": [0, 0, 0, 0], "rotation": 270, "texture": "#crops"},
				"down": {"uv": [0, 0, 0, 0], "rotation": 90, "texture": "#crops"}
			}
		},
		{
			"name": "Carrot1_Stem",
			"from": [1.61732, -1, 8.17388],
			"to": [1.61732, 4, 15.17388],
			"rotation": {"angle": 0, "axis": "y", "origin": [6.61732, 1, 11.67388]},
			"faces": {
				"north": {"uv": [0, 0, 0, 0], "texture": "#crops"},
				"east": {"uv": [5, 11, 12, 16], "texture": "#crops"},
				"south": {"uv": [1, 0, 1, 0], "texture": "#crops"},
				"west": {"uv": [5, 11, 12, 16], "texture": "#crops"},
				"up": {"uv": [0, 0, 0, 0], "texture": "#crops"},
				"down": {"uv": [0, 0, 0, 0], "texture": "#crops"}
			}
		}
	],
	"display": {}
}