{
	"credit": "Bray was here :)",
	"ambientocclusion": false,
	"textures": {
		"particle": "block/crops/wheat_stage7",
		"crop": "block/crops/wheat_stage7"
	},
	"elements": [
		{
			"from": [2, -1, 0],
			"to": [2, 15, 16],
			"shade": false,
			"rotation": {"angle": 22.5, "axis": "z", "origin": [2, 7, 8.5]},
			"faces": {
				"east": {"uv": [16, 0, 0, 16], "texture": "#crop"},
				"west": {"uv": [0, 0, 16, 16], "texture": "#crop"}
			}
		},
		{
			"from": [14, -1, 0],
			"to": [14, 15, 16],
			"shade": false,
			"rotation": {"angle": -22.5, "axis": "z", "origin": [14, 7, 7.5]},
			"faces": {
				"east": {"uv": [0, 0, 16, 16], "texture": "#crop"},
				"west": {"uv": [16, 0, 0, 16], "texture": "#crop"}
			}
		},
		{
			"from": [0, -1, 2],
			"to": [16, 15, 2],
			"shade": false,
			"rotation": {"angle": -22.5, "axis": "x", "origin": [7.5, 7, 2]},
			"faces": {
				"north": {"uv": [0, 0, 16, 16], "texture": "#crop"},
				"south": {"uv": [16, 0, 0, 16], "texture": "#crop"}
			}
		},
		{
			"from": [0, -0.92388, 13.61732],
			"to": [16, 15.07612, 13.61732],
			"shade": false,
			"rotation": {"angle": 22.5, "axis": "x", "origin": [8.5, 6.07612, 13.61732]},
			"faces": {
				"north": {"uv": [16, 0, 0, 16], "texture": "#crop"},
				"south": {"uv": [0, 0, 16, 16], "texture": "#crop"}
			}
		},
		{
			"from": [8, 0, 1],
			"to": [8, 20, 15],
			"shade": false,
			"rotation": {"angle": 0, "axis": "y", "origin": [8, 10.25, 8]},
			"faces": {
				"east": {"uv": [12, 0, 0, 16], "texture": "#crop"},
				"west": {"uv": [4, 0, 16, 16], "texture": "#crop"}
			}
		},
		{
			"from": [1, 0, 8],
			"to": [15, 21, 8],
			"shade": false,
			"rotation": {"angle": 0, "axis": "y", "origin": [8, 10.25, 8]},
			"faces": {
				"north": {"uv": [12, 0, 0, 16], "texture": "#crop"},
				"south": {"uv": [12, 0, 0, 16], "texture": "#crop"}
			}
		}
	],
	"groups": [
		{
			"name": "group",
			"origin": [8, 6.07612, 12.61732],
			"color": 0,
			"nbt": "{}",
			"children": [0, 1, 2, 3]
		},
		4,
		5
	]
}