{
	"credit": "Made with Blockbench",
	"parent": "minecraft:block/cube_bottom_top",
	"textures": {
		"bottom": "block/barrel_bottom",
		"side": "block/barrel_side",
		"top": "block/barrel_top"
	},
	"elements": [
		{
			"from": [0, 0, 0],
			"to": [16, 16, 16],
			"faces": {
				"north": {"uv": [0, 0, 16, 16], "texture": "#side"},
				"east": {"uv": [0, 0, 16, 16], "texture": "#side"},
				"south": {"uv": [0, 0, 16, 16], "texture": "#side"},
				"west": {"uv": [0, 0, 16, 16], "texture": "#side"},
				"up": {"uv": [0, 0, 16, 16], "texture": "#top"},
				"down": {"uv": [0, 0, 16, 16], "texture": "#bottom"}
			}
		},
		{
			"from": [-0.5, 3, -0.5],
			"to": [16.5, 5, 16.5],
			"rotation": {"angle": 0, "axis": "y", "origin": [8, 4, 8]},
			"faces": {
				"north": {"uv": [0, 11, 16, 13], "texture": "#side"},
				"east": {"uv": [0, 11, 16, 13], "texture": "#side"},
				"south": {"uv": [0, 11, 16, 13], "texture": "#side"},
				"west": {"uv": [0, 11, 16, 13], "texture": "#side"},
				"up": {"uv": [0, 11, 8, 13], "texture": "#side"},
				"down": {"uv": [0, 11, 8, 13], "texture": "#side"}
			}
		},
		{
			"from": [-0.5, 11, -0.5],
			"to": [16.5, 13, 16.5],
			"rotation": {"angle": 0, "axis": "y", "origin": [8, 4, 8]},
			"faces": {
				"north": {"uv": [0, 3, 16, 5], "texture": "#side"},
				"east": {"uv": [0, 3, 16, 5], "texture": "#side"},
				"south": {"uv": [0, 3, 16, 5], "texture": "#side"},
				"west": {"uv": [0, 3, 16, 5], "texture": "#side"},
				"up": {"uv": [8, 3, 16, 5], "texture": "#side"},
				"down": {"uv": [8, 3, 16, 5], "texture": "#side"}
			}
		},
		{
			"from": [3, 16, 8],
			"to": [5, 16.3, 10],
			"faces": {
				"north": {"uv": [5, 8, 3, 8.3], "texture": "#top"},
				"east": {"uv": [4, 8, 5, 8.3], "texture": "#top"},
				"south": {"uv": [3, 8, 5, 8.3], "texture": "#top"},
				"west": {"uv": [3, 8, 4, 8.3], "texture": "#top"},
				"up": {"uv": [3, 8, 5, 9], "texture": "#top"}
			}
		}
	]
}