{
	"credit": "Bray was here :)",
	"parent": "block/block",
	"textures": {
		"3": "block/cactus_flower",
		"bottom": "block/cactus_bottom",
		"top": "block/cactus_top",
		"particle": "block/cactus_side",
		"side": "block/cactus_side"
	},
	"elements": [
		{
			"from": [0, 0, 0],
			"to": [16, 16, 16],
			"faces": {
				"up": {"uv": [0, 0, 16, 16], "texture": "#top", "cullface": "up"},
				"down": {"uv": [0, 0, 16, 16], "texture": "#bottom", "cullface": "down"}
			}
		},
		{
			"from": [0, 0, 15],
			"to": [16, 16, 15],
			"faces": {
				"north": {"uv": [16, 0, 0, 16], "texture": "#side"},
				"south": {"uv": [0, 0, 16, 16], "texture": "#side"}
			}
		},
		{
			"from": [0, 0, 1],
			"to": [16, 16, 1],
			"faces": {
				"north": {"uv": [0, 0, 16, 16], "texture": "#side"},
				"south": {"uv": [16, 0, 0, 16], "texture": "#side"}
			}
		},
		{
			"from": [15, 0, 0],
			"to": [15, 16, 16],
			"faces": {
				"east": {"uv": [0, 0, 16, 16], "texture": "#side"},
				"west": {"uv": [16, 0, 0, 16], "texture": "#side"}
			}
		},
		{
			"from": [1, 0, 0],
			"to": [1, 16, 16],
			"faces": {
				"east": {"uv": [16, 0, 0, 16], "texture": "#side"},
				"west": {"uv": [0, 0, 16, 16], "texture": "#side"}
			}
		},
		{
			"from": [4, 15.16963, 1.15224],
			"to": [12, 15.16963, 6.15224],
			"rotation": {"angle": 22.5, "axis": "x", "origin": [8, 16, 8]},
			"faces": {
				"up": {"uv": [0, 9, 8, 16], "texture": "#3", "cullface": "up"},
				"down": {"uv": [0, 9, 16, 16], "rotation": 180, "texture": "#3", "cullface": "up"}
			}
		},
		{
			"from": [9.84776, 15.16963, 4],
			"to": [14.84776, 15.16963, 12],
			"rotation": {"angle": 22.5, "axis": "z", "origin": [8, 16, 8]},
			"faces": {
				"up": {"uv": [0, 9, 8, 16], "rotation": 90, "texture": "#3", "cullface": "up"},
				"down": {"uv": [0, 9, 16, 16], "rotation": 90, "texture": "#3", "cullface": "up"}
			}
		},
		{
			"from": [4, 15.16963, 9.84776],
			"to": [12, 15.16963, 14.84776],
			"rotation": {"angle": -22.5, "axis": "x", "origin": [8, 16, 8]},
			"faces": {
				"up": {"uv": [8, 9, 0, 16], "rotation": 180, "texture": "#3", "cullface": "up"},
				"down": {"uv": [0, 9, 16, 16], "texture": "#3", "cullface": "up"}
			}
		},
		{
			"from": [1.15224, 15.16963, 4],
			"to": [6.15224, 15.16963, 12],
			"rotation": {"angle": -22.5, "axis": "z", "origin": [8, 16, 8]},
			"faces": {
				"up": {"uv": [8, 9, 0, 16], "rotation": 270, "texture": "#3", "cullface": "up"},
				"down": {"uv": [0, 9, 16, 16], "rotation": 270, "texture": "#3", "cullface": "up"}
			}
		},
		{
			"from": [5, 16.01, 5],
			"to": [11, 16.01, 11],
			"rotation": {"angle": 0, "axis": "z", "origin": [9, 16, 13]},
			"faces": {
				"up": {"uv": [0, 0, 7, 7], "texture": "#3", "cullface": "up"}
			}
		}
	],
	"display": {
		"thirdperson_righthand": {
			"rotation": [75, 45, 0],
			"translation": [0, 2.5, 0],
			"scale": [0.375, 0.375, 0.375]
		},
		"thirdperson_lefthand": {
			"rotation": [75, 45, 0],
			"translation": [0, 2.5, 0],
			"scale": [0.375, 0.375, 0.375]
		},
		"firstperson_righthand": {
			"rotation": [0, 29, 12],
			"translation": [-0.25, 0, 0],
			"scale": [0.4, 0.4, 0.4]
		},
		"firstperson_lefthand": {
			"rotation": [0, 29, 12],
			"translation": [-0.25, 0, 0],
			"scale": [0.4, 0.4, 0.4]
		},
		"ground": {
			"translation": [0, 3, 0],
			"scale": [0.25, 0.25, 0.25]
		},
		"gui": {
			"rotation": [30, 225, 0],
			"translation": [0, -0.25, 0],
			"scale": [0.6, 0.6, 0.6]
		},
		"fixed": {
			"scale": [0.5, 0.5, 0.5]
		}
	}
}