{
	"credit": "Bray was here :)",
	"parent": "block/block",
	"textures": {
		"3": "block/cactus_small",
		"4": "block/cactus_flower",
		"bottom": "block/cactus_bottom",
		"top": "block/cactus_top",
		"particle": "block/cactus_side",
		"side": "block/cactus_side"
	},
	"elements": [
		{
			"from": [0, 0, 0],
			"to": [16, 16, 16],
			"faces": {
				"up": {"uv": [0, 0, 16, 16], "texture": "#top", "cullface": "up"},
				"down": {"uv": [0, 0, 16, 16], "texture": "#bottom", "cullface": "down"}
			}
		},
		{
			"from": [0, 0, 15],
			"to": [16, 16, 15],
			"faces": {
				"north": {"uv": [16, 0, 0, 16], "texture": "#side"},
				"south": {"uv": [0, 0, 16, 16], "texture": "#side"}
			}
		},
		{
			"from": [0, 0, 1],
			"to": [16, 16, 1],
			"faces": {
				"north": {"uv": [0, 0, 16, 16], "texture": "#side"},
				"south": {"uv": [16, 0, 0, 16], "texture": "#side"}
			}
		},
		{
			"from": [15, 0, 0],
			"to": [15, 16, 16],
			"faces": {
				"east": {"uv": [0, 0, 16, 16], "texture": "#side"},
				"west": {"uv": [16, 0, 0, 16], "texture": "#side"}
			}
		},
		{
			"from": [1, 0, 0],
			"to": [1, 16, 16],
			"faces": {
				"east": {"uv": [16, 0, 0, 16], "texture": "#side"},
				"west": {"uv": [0, 0, 16, 16], "texture": "#side"}
			}
		},
		{
			"from": [15, 2, 4],
			"to": [23, 10, 12],
			"rotation": {"angle": 0, "axis": "y", "origin": [15, 6, 7.5]},
			"faces": {
				"north": {"uv": [8, 8, 0, 16], "texture": "#3"},
				"east": {"uv": [8, 6, 16, 14], "texture": "#3"},
				"south": {"uv": [0, 8, 8, 16], "texture": "#3"},
				"west": {"uv": [0, 0, 6, 6], "texture": "#3"},
				"up": {"uv": [8, 6, 16, 14], "rotation": 90, "texture": "#3"},
				"down": {"uv": [8, 6, 16, 14], "rotation": 90, "texture": "#3"}
			}
		},
		{
			"from": [17, 10, 4],
			"to": [23, 14, 12],
			"rotation": {"angle": 0, "axis": "z", "origin": [18, 10, 7.5]},
			"faces": {
				"north": {"uv": [2, 4, 8, 8], "texture": "#3"},
				"east": {"uv": [0, 0, 8, 4], "texture": "#3"},
				"south": {"uv": [2, 8, 8, 4], "texture": "#3"},
				"west": {"uv": [0, 0, 8, 4], "texture": "#3"},
				"up": {"uv": [8, 0, 16, 6], "rotation": 270, "texture": "#3"}
			}
		},
		{
			"from": [5, 16.01, 5],
			"to": [11, 16.01, 11],
			"rotation": {"angle": 0, "axis": "y", "origin": [9, 16, 13]},
			"faces": {
				"up": {"uv": [0, 0, 7, 7], "texture": "#4", "cullface": "up"}
			}
		},
		{
			"from": [9.84776, 15.16963, 4],
			"to": [14.84776, 15.16963, 12],
			"rotation": {"angle": 22.5, "axis": "z", "origin": [8, 16, 8]},
			"faces": {
				"up": {"uv": [0, 9, 8, 16], "rotation": 90, "texture": "#4", "cullface": "up"},
				"down": {"uv": [0, 9, 16, 16], "rotation": 90, "texture": "#4", "cullface": "up"}
			}
		},
		{
			"from": [4, 15.16963, 1.15224],
			"to": [12, 15.16963, 6.15224],
			"rotation": {"angle": 22.5, "axis": "x", "origin": [8, 16, 8]},
			"faces": {
				"up": {"uv": [0, 9, 8, 16], "texture": "#4", "cullface": "up"},
				"down": {"uv": [0, 9, 16, 16], "rotation": 180, "texture": "#4", "cullface": "up"}
			}
		},
		{
			"from": [1.15224, 15.16963, 4],
			"to": [6.15224, 15.16963, 12],
			"rotation": {"angle": -22.5, "axis": "z", "origin": [8, 16, 8]},
			"faces": {
				"up": {"uv": [8, 9, 0, 16], "rotation": 270, "texture": "#4", "cullface": "up"},
				"down": {"uv": [0, 9, 16, 16], "rotation": 270, "texture": "#4", "cullface": "up"}
			}
		},
		{
			"from": [4, 15.16963, 9.84776],
			"to": [12, 15.16963, 14.84776],
			"rotation": {"angle": -22.5, "axis": "x", "origin": [8, 16, 8]},
			"faces": {
				"up": {"uv": [8, 9, 0, 16], "rotation": 180, "texture": "#4", "cullface": "up"},
				"down": {"uv": [0, 9, 16, 16], "texture": "#4", "cullface": "up"}
			}
		}
	]
}