{
	"credit": "Bray was here :)",
	"parent": "block/block",
	"textures": {
		"particle": "block/chain",
		"all": "block/chain"
	},
	"elements": [
		{
			"from": [8.5, 12, 7.625],
			"to": [9.5, 13, 8.375],
			"rotation": {"angle": 45, "axis": "y", "origin": [8, 8, 8]},
			"faces": {
				"north": {"uv": [2, 2, 3, 3], "texture": "#all"},
				"east": {"uv": [2, 2, 3, 3], "texture": "#all"},
				"south": {"uv": [2, 2, 3, 3], "texture": "#all"},
				"west": {"uv": [2, 2, 3, 3], "texture": "#all"},
				"up": {"uv": [0, 3, 3, 4], "texture": "#all"},
				"down": {"uv": [0, 0, 1, 3], "rotation": 90, "texture": "#all"}
			}
		},
		{
			"from": [6.5, 13, 7.625],
			"to": [9.5, 14, 8.375],
			"rotation": {"angle": 45, "axis": "y", "origin": [8, 8, 8]},
			"faces": {
				"north": {"uv": [0, 1, 3, 2], "texture": "#all"},
				"east": {"uv": [2, 1, 3, 2], "texture": "#all"},
				"south": {"uv": [0, 1, 3, 2], "texture": "#all"},
				"west": {"uv": [0, 1, 1, 2], "texture": "#all"},
				"up": {"uv": [0, 1, 3, 2], "texture": "#all"},
				"down": {"uv": [0, 1, 3, 2], "rotation": 180, "texture": "#all"}
			}
		},
		{
			"from": [6.5, 11, 7.625],
			"to": [9.5, 12, 8.375],
			"rotation": {"angle": 45, "axis": "y", "origin": [8, 8, 8]},
			"faces": {
				"north": {"uv": [0, 3, 3, 4], "texture": "#all"},
				"east": {"uv": [2, 3, 3, 4], "texture": "#all"},
				"south": {"uv": [0, 3, 3, 4], "texture": "#all"},
				"west": {"uv": [0, 3, 1, 4], "texture": "#all"},
				"up": {"uv": [0, 3, 3, 4], "texture": "#all"},
				"down": {"uv": [0, 3, 3, 4], "rotation": 180, "texture": "#all"}
			}
		},
		{
			"from": [6.5, 12, 7.625],
			"to": [7.5, 13, 8.375],
			"rotation": {"angle": 45, "axis": "y", "origin": [8, 8, 8]},
			"faces": {
				"north": {"uv": [0, 2, 1, 3], "texture": "#all"},
				"east": {"uv": [2, 2, 3, 3], "texture": "#all"},
				"south": {"uv": [0, 2, 1, 3], "texture": "#all"},
				"west": {"uv": [0, 2, 1, 3], "texture": "#all"},
				"up": {"uv": [0, 3, 3, 4], "texture": "#all"},
				"down": {"uv": [0, 0, 1, 3], "rotation": 90, "texture": "#all"}
			}
		},
		{
			"from": [8.5, 6, 7.625],
			"to": [9.5, 8, 8.375],
			"rotation": {"angle": 45, "axis": "y", "origin": [8, 8, 8]},
			"faces": {
				"north": {"uv": [2, 7, 3, 9], "texture": "#all"},
				"east": {"uv": [2, 7, 3, 9], "texture": "#all"},
				"south": {"uv": [2, 7, 3, 9], "texture": "#all"},
				"west": {"uv": [2, 7, 3, 9], "texture": "#all"},
				"up": {"uv": [0, 3, 3, 4], "texture": "#all"},
				"down": {"uv": [0, 0, 1, 3], "rotation": 90, "texture": "#all"}
			}
		},
		{
			"from": [6.5, 8, 7.625],
			"to": [9.5, 9, 8.375],
			"rotation": {"angle": 45, "axis": "y", "origin": [8, 8, 8]},
			"faces": {
				"north": {"uv": [0, 6, 3, 7], "texture": "#all"},
				"east": {"uv": [2, 1, 3, 2], "texture": "#all"},
				"south": {"uv": [0, 6, 3, 7], "texture": "#all"},
				"west": {"uv": [0, 1, 1, 2], "texture": "#all"},
				"up": {"uv": [0, 6, 3, 7], "texture": "#all"},
				"down": {"uv": [0, 6, 3, 7], "rotation": 180, "texture": "#all"}
			}
		},
		{
			"from": [6.5, 5, 7.625],
			"to": [9.5, 6, 8.375],
			"rotation": {"angle": 45, "axis": "y", "origin": [8, 8, 8]},
			"faces": {
				"north": {"uv": [0, 9, 3, 10], "texture": "#all"},
				"east": {"uv": [2, 3, 3, 4], "texture": "#all"},
				"south": {"uv": [0, 9, 3, 10], "texture": "#all"},
				"west": {"uv": [0, 3, 1, 4], "texture": "#all"},
				"up": {"uv": [0, 9, 3, 10], "texture": "#all"},
				"down": {"uv": [0, 9, 3, 10], "rotation": 180, "texture": "#all"}
			}
		},
		{
			"from": [6.5, 6, 7.625],
			"to": [7.5, 8, 8.375],
			"rotation": {"angle": 45, "axis": "y", "origin": [8, 8, 8]},
			"faces": {
				"north": {"uv": [0, 7, 1, 9], "texture": "#all"},
				"east": {"uv": [2, 7, 3, 9], "texture": "#all"},
				"south": {"uv": [0, 7, 1, 9], "texture": "#all"},
				"west": {"uv": [0, 7, 1, 9], "texture": "#all"},
				"up": {"uv": [0, 3, 3, 4], "texture": "#all"},
				"down": {"uv": [0, 0, 1, 3], "rotation": 90, "texture": "#all"}
			}
		},
		{
			"from": [8.5, 1, 7.625],
			"to": [9.5, 2, 8.375],
			"rotation": {"angle": 45, "axis": "y", "origin": [8, 8, 8]},
			"faces": {
				"north": {"uv": [2, 13, 3, 14], "texture": "#all"},
				"east": {"uv": [2, 2, 3, 3], "texture": "#all"},
				"south": {"uv": [2, 13, 3, 14], "texture": "#all"},
				"west": {"uv": [2, 13, 3, 14], "texture": "#all"},
				"up": {"uv": [0, 3, 3, 4], "texture": "#all"},
				"down": {"uv": [0, 0, 1, 3], "rotation": 90, "texture": "#all"}
			}
		},
		{
			"from": [6.5, 2, 7.625],
			"to": [9.5, 3, 8.375],
			"rotation": {"angle": 45, "axis": "y", "origin": [8, 8, 8]},
			"faces": {
				"north": {"uv": [0, 12, 3, 13], "texture": "#all"},
				"east": {"uv": [0, 12, 1, 13], "texture": "#all"},
				"south": {"uv": [0, 12, 3, 13], "rotation": 180, "texture": "#all"},
				"west": {"uv": [2, 12, 3, 13], "texture": "#all"},
				"up": {"uv": [0, 12, 3, 13], "rotation": 180, "texture": "#all"},
				"down": {"uv": [0, 1, 3, 2], "rotation": 180, "texture": "#all"}
			}
		},
		{
			"from": [6.5, 0, 7.625],
			"to": [9.5, 1, 8.375],
			"rotation": {"angle": 45, "axis": "y", "origin": [8, 8, 8]},
			"faces": {
				"north": {"uv": [0, 14, 3, 15], "texture": "#all"},
				"east": {"uv": [0, 14, 1, 15], "texture": "#all"},
				"south": {"uv": [0, 14, 3, 15], "rotation": 180, "texture": "#all"},
				"west": {"uv": [2, 14, 3, 15], "texture": "#all"},
				"up": {"uv": [0, 3, 3, 4], "texture": "#all"},
				"down": {"uv": [0, 3, 3, 4], "rotation": 180, "texture": "#all"}
			}
		},
		{
			"from": [6.5, 1, 7.625],
			"to": [7.5, 2, 8.375],
			"rotation": {"angle": 45, "axis": "y", "origin": [8, 8, 8]},
			"faces": {
				"north": {"uv": [0, 13, 1, 14], "texture": "#all"},
				"east": {"uv": [0, 13, 1, 14], "texture": "#all"},
				"south": {"uv": [0, 13, 1, 14], "texture": "#all"},
				"west": {"uv": [0, 2, 1, 3], "texture": "#all"},
				"up": {"uv": [0, 3, 3, 4], "texture": "#all"},
				"down": {"uv": [0, 0, 1, 3], "rotation": 90, "texture": "#all"}
			}
		},
		{
			"from": [7.625, 15, 8.5],
			"to": [8.375, 16, 9.5],
			"rotation": {"angle": 45, "axis": "y", "origin": [8, 8, 8]},
			"faces": {
				"north": {"uv": [2, 2, 3, 3], "texture": "#all"},
				"east": {"uv": [2, 2, 3, 3], "texture": "#all"},
				"south": {"uv": [2, 2, 3, 3], "texture": "#all"},
				"west": {"uv": [2, 2, 3, 3], "texture": "#all"},
				"up": {"uv": [0, 3, 3, 4], "rotation": 90, "texture": "#all"},
				"down": {"uv": [0, 0, 1, 3], "texture": "#all"}
			}
		},
		{
			"from": [7.625, 14, 6.5],
			"to": [8.375, 15, 9.5],
			"rotation": {"angle": 45, "axis": "y", "origin": [8, 8, 8]},
			"faces": {
				"north": {"uv": [0, 3, 1, 4], "texture": "#all"},
				"east": {"uv": [0, 3, 3, 4], "texture": "#all"},
				"south": {"uv": [2, 3, 3, 4], "texture": "#all"},
				"west": {"uv": [0, 3, 3, 4], "texture": "#all"},
				"up": {"uv": [0, 3, 3, 4], "rotation": 90, "texture": "#all"},
				"down": {"uv": [0, 3, 3, 4], "rotation": 90, "texture": "#all"}
			}
		},
		{
			"from": [7.625, 15, 6.5],
			"to": [8.375, 16, 7.5],
			"rotation": {"angle": 45, "axis": "y", "origin": [8, 8, 8]},
			"faces": {
				"north": {"uv": [0, 2, 1, 3], "texture": "#all"},
				"east": {"uv": [0, 2, 1, 3], "texture": "#all"},
				"south": {"uv": [2, 2, 3, 3], "texture": "#all"},
				"west": {"uv": [0, 2, 1, 3], "texture": "#all"},
				"up": {"uv": [0, 3, 3, 4], "rotation": 90, "texture": "#all"},
				"down": {"uv": [0, 0, 1, 3], "texture": "#all"}
			}
		},
		{
			"from": [7.625, 10, 6.5],
			"to": [8.375, 12, 7.5],
			"rotation": {"angle": 45, "axis": "y", "origin": [8, 8, 8]},
			"faces": {
				"north": {"uv": [2, 7, 3, 9], "texture": "#all"},
				"east": {"uv": [2, 7, 3, 9], "texture": "#all"},
				"south": {"uv": [2, 7, 3, 9], "texture": "#all"},
				"west": {"uv": [2, 7, 3, 9], "texture": "#all"},
				"up": {"uv": [0, 3, 3, 4], "rotation": 270, "texture": "#all"},
				"down": {"uv": [0, 0, 1, 3], "rotation": 180, "texture": "#all"}
			}
		},
		{
			"from": [7.625, 12, 6.5],
			"to": [8.375, 13, 9.5],
			"rotation": {"angle": 45, "axis": "y", "origin": [8, 8, 8]},
			"faces": {
				"north": {"uv": [2, 1, 3, 2], "texture": "#all"},
				"east": {"uv": [0, 6, 3, 7], "texture": "#all"},
				"south": {"uv": [0, 1, 1, 2], "texture": "#all"},
				"west": {"uv": [0, 6, 3, 7], "texture": "#all"},
				"up": {"uv": [0, 6, 3, 7], "rotation": 270, "texture": "#all"},
				"down": {"uv": [0, 6, 3, 7], "rotation": 270, "texture": "#all"}
			}
		},
		{
			"from": [7.625, 9, 6.5],
			"to": [8.375, 10, 9.5],
			"rotation": {"angle": 45, "axis": "y", "origin": [8, 8, 8]},
			"faces": {
				"north": {"uv": [2, 3, 3, 4], "texture": "#all"},
				"east": {"uv": [0, 9, 3, 10], "texture": "#all"},
				"south": {"uv": [0, 3, 1, 4], "texture": "#all"},
				"west": {"uv": [0, 9, 3, 10], "texture": "#all"},
				"up": {"uv": [0, 9, 3, 10], "rotation": 270, "texture": "#all"},
				"down": {"uv": [0, 9, 3, 10], "rotation": 270, "texture": "#all"}
			}
		},
		{
			"from": [7.625, 10, 8.5],
			"to": [8.375, 12, 9.5],
			"rotation": {"angle": 45, "axis": "y", "origin": [8, 8, 8]},
			"faces": {
				"north": {"uv": [2, 7, 3, 9], "texture": "#all"},
				"east": {"uv": [0, 7, 1, 9], "texture": "#all"},
				"south": {"uv": [0, 7, 1, 9], "texture": "#all"},
				"west": {"uv": [0, 7, 1, 9], "texture": "#all"},
				"up": {"uv": [0, 3, 3, 4], "rotation": 270, "texture": "#all"},
				"down": {"uv": [0, 0, 1, 3], "rotation": 180, "texture": "#all"}
			}
		},
		{
			"from": [7.625, 4, 6.5],
			"to": [8.375, 6, 7.5],
			"rotation": {"angle": 45, "axis": "y", "origin": [8, 8, 8]},
			"faces": {
				"north": {"uv": [2, 7, 3, 9], "texture": "#all"},
				"east": {"uv": [2, 7, 3, 9], "texture": "#all"},
				"south": {"uv": [2, 7, 3, 9], "texture": "#all"},
				"west": {"uv": [2, 7, 3, 9], "texture": "#all"},
				"up": {"uv": [0, 3, 3, 4], "rotation": 270, "texture": "#all"},
				"down": {"uv": [0, 0, 1, 3], "rotation": 180, "texture": "#all"}
			}
		},
		{
			"from": [7.625, 6, 6.5],
			"to": [8.375, 7, 9.5],
			"rotation": {"angle": 45, "axis": "y", "origin": [8, 8, 8]},
			"faces": {
				"north": {"uv": [2, 1, 3, 2], "texture": "#all"},
				"east": {"uv": [0, 6, 3, 7], "texture": "#all"},
				"south": {"uv": [0, 1, 1, 2], "texture": "#all"},
				"west": {"uv": [0, 6, 3, 7], "texture": "#all"},
				"up": {"uv": [0, 6, 3, 7], "rotation": 270, "texture": "#all"},
				"down": {"uv": [0, 6, 3, 7], "rotation": 270, "texture": "#all"}
			}
		},
		{
			"from": [7.625, 3, 6.5],
			"to": [8.375, 4, 9.5],
			"rotation": {"angle": 45, "axis": "y", "origin": [8, 8, 8]},
			"faces": {
				"north": {"uv": [2, 3, 3, 4], "texture": "#all"},
				"east": {"uv": [0, 9, 3, 10], "texture": "#all"},
				"south": {"uv": [0, 3, 1, 4], "texture": "#all"},
				"west": {"uv": [0, 9, 3, 10], "texture": "#all"},
				"up": {"uv": [0, 9, 3, 10], "rotation": 270, "texture": "#all"},
				"down": {"uv": [0, 9, 3, 10], "rotation": 270, "texture": "#all"}
			}
		},
		{
			"from": [7.625, 4, 8.5],
			"to": [8.375, 6, 9.5],
			"rotation": {"angle": 45, "axis": "y", "origin": [8, 8, 8]},
			"faces": {
				"north": {"uv": [2, 7, 3, 9], "texture": "#all"},
				"east": {"uv": [0, 7, 1, 9], "texture": "#all"},
				"south": {"uv": [0, 7, 1, 9], "texture": "#all"},
				"west": {"uv": [0, 7, 1, 9], "texture": "#all"},
				"up": {"uv": [0, 3, 3, 4], "rotation": 270, "texture": "#all"},
				"down": {"uv": [0, 0, 1, 3], "rotation": 180, "texture": "#all"}
			}
		},
		{
			"from": [7.625, 0, 6.5],
			"to": [8.375, 1, 7.5],
			"rotation": {"angle": 45, "axis": "y", "origin": [8, 8, 8]},
			"faces": {
				"north": {"uv": [2, 2, 3, 3], "rotation": 180, "texture": "#all"},
				"east": {"uv": [2, 2, 3, 3], "rotation": 180, "texture": "#all"},
				"south": {"uv": [2, 2, 3, 3], "rotation": 180, "texture": "#all"},
				"west": {"uv": [2, 2, 3, 3], "rotation": 180, "texture": "#all"},
				"up": {"uv": [0, 0, 1, 3], "texture": "#all"},
				"down": {"uv": [0, 3, 3, 4], "rotation": 90, "texture": "#all"}
			}
		},
		{
			"from": [7.625, 1, 6.5],
			"to": [8.375, 2, 9.5],
			"rotation": {"angle": 45, "axis": "y", "origin": [8, 8, 8]},
			"faces": {
				"north": {"uv": [2, 3, 3, 4], "rotation": 180, "texture": "#all"},
				"east": {"uv": [0, 3, 3, 4], "rotation": 180, "texture": "#all"},
				"south": {"uv": [0, 3, 1, 4], "rotation": 180, "texture": "#all"},
				"west": {"uv": [0, 3, 3, 4], "rotation": 180, "texture": "#all"},
				"up": {"uv": [0, 3, 3, 4], "rotation": 90, "texture": "#all"},
				"down": {"uv": [0, 3, 3, 4], "rotation": 90, "texture": "#all"}
			}
		},
		{
			"from": [7.625, 0, 8.5],
			"to": [8.375, 1, 9.5],
			"rotation": {"angle": 45, "axis": "y", "origin": [8, 8, 8]},
			"faces": {
				"north": {"uv": [2, 2, 3, 3], "rotation": 180, "texture": "#all"},
				"east": {"uv": [0, 2, 1, 3], "rotation": 180, "texture": "#all"},
				"south": {"uv": [0, 2, 1, 3], "rotation": 180, "texture": "#all"},
				"west": {"uv": [0, 2, 1, 3], "rotation": 180, "texture": "#all"},
				"up": {"uv": [0, 0, 1, 3], "texture": "#all"},
				"down": {"uv": [0, 3, 3, 4], "rotation": 90, "texture": "#all"}
			}
		}
	],
	"groups": [
		{
			"name": "group",
			"origin": [0, 0, 0],
			"color": 0,
			"nbt": "{}",
			"children": [0, 1, 2, 3]
		},
		{
			"name": "group",
			"origin": [0, 0, 0],
			"color": 0,
			"nbt": "{}",
			"children": [4, 5, 6, 7]
		},
		{
			"name": "group",
			"origin": [0, 0, 0],
			"color": 0,
			"nbt": "{}",
			"children": [8, 9, 10, 11]
		},
		{
			"name": "group",
			"origin": [0, 0, 0],
			"color": 0,
			"nbt": "{}",
			"children": [12, 13, 14]
		},
		{
			"name": "group",
			"origin": [0, 0, 0],
			"color": 0,
			"nbt": "{}",
			"children": [15, 16, 17, 18]
		},
		{
			"name": "group",
			"origin": [0, 0, 0],
			"color": 0,
			"nbt": "{}",
			"children": [19, 20, 21, 22]
		},
		{
			"name": "group",
			"origin": [0, 0, 0],
			"color": 0,
			"nbt": "{}",
			"children": [23, 24, 25]
		}
	]
}