{
	"credit": "Bray was here :)",
	"ambientocclusion": false,
	"textures": {
		"particle": "#crop"
	},
	"elements": [
		{
			"from": [3, -1, 0],
			"to": [3, 13, 16],
			"shade": false,
			"rotation": {"angle": 22.5, "axis": "z", "origin": [3, 7, 8]},
			"faces": {
				"east": {"uv": [16, 0, 0, 16], "texture": "#crop"},
				"west": {"uv": [0, 0, 16, 16], "texture": "#crop"}
			}
		},
		{
			"from": [13, -1, 1],
			"to": [13, 13, 15],
			"shade": false,
			"rotation": {"angle": -22.5, "axis": "z", "origin": [13, 7, 8]},
			"faces": {
				"east": {"uv": [0, 0, 16, 16], "texture": "#crop"},
				"west": {"uv": [16, 0, 0, 16], "texture": "#crop"}
			}
		},
		{
			"from": [1, -1, 3],
			"to": [15, 13, 3],
			"shade": false,
			"rotation": {"angle": -22.5, "axis": "x", "origin": [8, 7, 3]},
			"faces": {
				"north": {"uv": [0, 0, 16, 16], "texture": "#crop"},
				"south": {"uv": [16, 0, 0, 16], "texture": "#crop"}
			}
		},
		{
			"from": [1, -0.92388, 12.61732],
			"to": [15, 13.07612, 12.61732],
			"shade": false,
			"rotation": {"angle": 22.5, "axis": "x", "origin": [8, 6.07612, 12.61732]},
			"faces": {
				"north": {"uv": [16, 0, 0, 16], "texture": "#crop"},
				"south": {"uv": [0, 0, 16, 16], "texture": "#crop"}
			}
		}
	]
}