{
	"credit": "Bray was here :)",
	"textures": {
		"particle": "#crop"
	},
	"elements": [
		{
			"from": [3, -1, -2],
			"to": [3, 16, 18],
			"shade": false,
			"rotation": {"angle": 22.5, "axis": "z", "origin": [3, 7, 8.5]},
			"faces": {
				"east": {"uv": [16, 0, 0, 16], "texture": "#crop"},
				"west": {"uv": [0, 0, 16, 16], "texture": "#crop"}
			}
		},
		{
			"from": [13, -1, -2],
			"to": [13, 16, 18],
			"shade": false,
			"rotation": {"angle": -22.5, "axis": "z", "origin": [13, 7, 7.5]},
			"faces": {
				"east": {"uv": [0, 0, 16, 16], "texture": "#crop"},
				"west": {"uv": [16, 0, 0, 16], "texture": "#crop"}
			}
		},
		{
			"from": [-2, -1, 3],
			"to": [18, 16, 3],
			"shade": false,
			"rotation": {"angle": -22.5, "axis": "x", "origin": [7.5, 7, 3]},
			"faces": {
				"north": {"uv": [0, 0, 16, 16], "texture": "#crop"},
				"south": {"uv": [16, 0, 0, 16], "texture": "#crop"}
			}
		},
		{
			"from": [-2, -0.92388, 12.61732],
			"to": [18, 16.07612, 12.61732],
			"shade": false,
			"rotation": {"angle": 22.5, "axis": "x", "origin": [8.5, 6.07612, 12.61732]},
			"faces": {
				"north": {"uv": [16, 0, 0, 16], "texture": "#crop"},
				"south": {"uv": [0, 0, 16, 16], "texture": "#crop"}
			}
		}
	],
	"display": {},
	"groups": [
		{
			"name": "group",
			"origin": [8, 6.07612, 12.61732],
			"color": 0,
			"nbt": "{}",
			"children": [0, 1, 2, 3]
		}
	]
}