{
	"credit": "Bray was here :)",
	"parent": "block/block",
	"textures": {
		"particle": "block/end_rod",
		"end_rod": "block/end_rod"
	},
	"elements": [
		{
			"from": [6, 0, 6],
			"to": [10, 2, 10],
			"faces": {
				"north": {"uv": [2, 6, 6, 8], "texture": "#end_rod"},
				"east": {"uv": [2, 6, 6, 8], "texture": "#end_rod"},
				"south": {"uv": [2, 6, 6, 8], "texture": "#end_rod"},
				"west": {"uv": [2, 6, 6, 8], "texture": "#end_rod"},
				"up": {"uv": [2, 2, 6, 6], "texture": "#end_rod"},
				"down": {"uv": [6, 6, 2, 2], "texture": "#end_rod", "cullface": "down"}
			}
		},
		{
			"from": [6.5, 4.75, 6.5],
			"to": [9.5, 6.25, 9.5],
			"rotation": {"angle": 0, "axis": "y", "origin": [0, 4.5, 0]},
			"faces": {
				"north": {"uv": [2, 6, 6, 8], "texture": "#end_rod"},
				"east": {"uv": [2, 6, 6, 8], "texture": "#end_rod"},
				"south": {"uv": [2, 6, 6, 8], "texture": "#end_rod"},
				"west": {"uv": [2, 6, 6, 8], "texture": "#end_rod"},
				"up": {"uv": [2, 2, 6, 6], "texture": "#end_rod"},
				"down": {"uv": [6, 6, 2, 2], "texture": "#end_rod", "cullface": "down"}
			}
		},
		{
			"from": [6.5, 2, 6.5],
			"to": [9.5, 4, 9.5],
			"rotation": {"angle": 0, "axis": "y", "origin": [0, 1, 0]},
			"faces": {
				"north": {"uv": [0, 9, 2, 15], "texture": "#end_rod"},
				"east": {"uv": [0, 9, 2, 15], "texture": "#end_rod"},
				"south": {"uv": [0, 9, 2, 15], "texture": "#end_rod"},
				"west": {"uv": [0, 9, 2, 15], "texture": "#end_rod"},
				"up": {"uv": [0, 6, 2, 8], "texture": "#end_rod", "cullface": "up"}
			}
		},
		{
			"from": [7, 4, 7],
			"to": [9, 7, 9],
			"rotation": {"angle": 0, "axis": "y", "origin": [0, 3, 0]},
			"faces": {
				"north": {"uv": [0, 2, 2, 8], "texture": "#end_rod"},
				"east": {"uv": [0, 2, 2, 8], "texture": "#end_rod"},
				"south": {"uv": [0, 2, 2, 8], "texture": "#end_rod"},
				"west": {"uv": [0, 2, 2, 8], "texture": "#end_rod"},
				"up": {"uv": [2, 0, 4, 2], "texture": "#end_rod", "cullface": "up"}
			}
		},
		{
			"from": [6.75, 7, 6.75],
			"to": [9.25, 16, 9.25],
			"faces": {
				"north": {"uv": [0, 0, 2, 15], "texture": "#end_rod"},
				"east": {"uv": [0, 0, 2, 15], "texture": "#end_rod"},
				"south": {"uv": [0, 0, 2, 15], "texture": "#end_rod"},
				"west": {"uv": [0, 0, 2, 15], "texture": "#end_rod"},
				"up": {"uv": [2, 0, 4, 2], "texture": "#end_rod", "cullface": "up"},
				"down": {"uv": [0, 10, 2, 12], "texture": "#end_rod"}
			}
		}
	],
	"display": {
		"thirdperson_righthand": {
			"scale": [0.375, 0.375, 0.375]
		},
		"head": {
			"rotation": [-60, 0, 0],
			"translation": [0, 5, -9]
		}
	}
}