{
	"credit": "Bray was here :)",
	"textures": {
		"planks": "block/planks/oak_planks1",
		"particle": "block/bookshelf/bookshelf_empty",
		"books": "block/bookshelf/bookshelf_books"
	},
	"elements": [
		{
			"from": [0, 1, 0],
			"to": [1, 16, 1],
			"rotation": {"angle": 0, "axis": "y", "origin": [-15, 0, 0]},
			"faces": {
				"north": {"uv": [15, 0, 16, 15], "texture": "#books"},
				"east": {"uv": [15, 0, 16, 15], "texture": "#books"},
				"south": {"uv": [0, 0, 1, 15], "texture": "#books"},
				"west": {"uv": [0, 0, 1, 15], "texture": "#books"},
				"up": {"uv": [0, 0, 1, 1], "texture": "#books"},
				"down": {"uv": [0, 0, 1, 4], "texture": "#books"}
			}
		},
		{
			"name": "Core",
			"from": [1, 0, 1],
			"to": [15, 16, 15],
			"rotation": {"angle": 0, "axis": "y", "origin": [1, 0, 1]},
			"faces": {
				"north": {"uv": [1, 0, 15, 16], "texture": "#books"},
				"east": {"uv": [1, 0, 15, 16], "texture": "#books"},
				"south": {"uv": [1, 0, 15, 16], "texture": "#books"},
				"west": {"uv": [1, 0, 15, 16], "texture": "#books"},
				"up": {"uv": [1, 1, 15, 15], "texture": "#planks"},
				"down": {"uv": [1, 1, 15, 15], "texture": "#planks"}
			}
		},
		{
			"from": [0, 0, 0],
			"to": [16, 1, 1],
			"faces": {
				"north": {"uv": [0, 15, 16, 16], "texture": "#books"},
				"east": {"uv": [15, 15, 16, 16], "texture": "#books"},
				"south": {"uv": [16, 15, 0, 16], "texture": "#books"},
				"west": {"uv": [0, 15, 1, 16], "texture": "#books"},
				"up": {"uv": [16, 15, 0, 16], "texture": "#books"},
				"down": {"uv": [0, 0, 16, 1], "texture": "#books"}
			}
		},
		{
			"from": [0, 0, 15],
			"to": [16, 1, 16],
			"rotation": {"angle": 0, "axis": "y", "origin": [0, 0, 15]},
			"faces": {
				"north": {"uv": [16, 15, 0, 16], "texture": "#books"},
				"east": {"uv": [0, 15, 1, 16], "texture": "#books"},
				"south": {"uv": [0, 15, 16, 16], "texture": "#books"},
				"west": {"uv": [15, 15, 16, 16], "texture": "#books"},
				"up": {"uv": [0, 15, 16, 16], "texture": "#books"},
				"down": {"uv": [0, 15, 16, 16], "texture": "#books"}
			}
		},
		{
			"from": [1, 15, 0],
			"to": [15, 16, 1],
			"faces": {
				"north": {"uv": [1, 0, 15, 1], "texture": "#books"},
				"east": {"uv": [0, 0, 4, 1], "texture": "#books"},
				"south": {"uv": [0, 0, 14, 1], "texture": "#books"},
				"west": {"uv": [0, 0, 4, 1], "texture": "#books"},
				"up": {"uv": [1, 0, 15, 1], "texture": "#books"},
				"down": {"uv": [1, 0, 15, 1], "texture": "#books"}
			}
		},
		{
			"from": [1, 15, 15],
			"to": [15, 16, 16],
			"rotation": {"angle": 0, "axis": "y", "origin": [0, 0, 15]},
			"faces": {
				"north": {"uv": [1, 0, 15, 1], "texture": "#books"},
				"east": {"uv": [0, 0, 4, 1], "texture": "#books"},
				"south": {"uv": [0, 0, 14, 1], "texture": "#books"},
				"west": {"uv": [0, 0, 4, 1], "texture": "#books"},
				"up": {"uv": [1, 15, 15, 16], "texture": "#books"},
				"down": {"uv": [1, 0, 15, 1], "texture": "#books"}
			}
		},
		{
			"from": [1, 7, 0],
			"to": [15, 9, 1],
			"faces": {
				"north": {"uv": [1, 7, 15, 9], "texture": "#books"},
				"east": {"uv": [0, 0, 4, 2], "texture": "#books"},
				"south": {"uv": [1, 7, 15, 9], "texture": "#books"},
				"west": {"uv": [0, 0, 4, 2], "texture": "#books"},
				"up": {"uv": [1, 7, 15, 8], "texture": "#books"},
				"down": {"uv": [1, 8, 15, 9], "texture": "#books"}
			}
		},
		{
			"from": [1, 7, 15],
			"to": [15, 9, 16],
			"rotation": {"angle": 0, "axis": "y", "origin": [0, 0, 15]},
			"faces": {
				"north": {"uv": [1, 7, 15, 9], "texture": "#books"},
				"east": {"uv": [0, 0, 4, 2], "texture": "#books"},
				"south": {"uv": [1, 7, 15, 9], "texture": "#books"},
				"west": {"uv": [0, 0, 4, 2], "texture": "#books"},
				"up": {"uv": [1, 7, 15, 8], "texture": "#books"},
				"down": {"uv": [1, 8, 15, 9], "texture": "#books"}
			}
		},
		{
			"from": [15, 0, 1],
			"to": [16, 1, 15],
			"rotation": {"angle": 0, "axis": "y", "origin": [14, 8, 8]},
			"faces": {
				"north": {"uv": [0, 15, 4, 16], "texture": "#books"},
				"east": {"uv": [1, 15, 15, 16], "texture": "#books"},
				"south": {"uv": [12, 15, 16, 16], "texture": "#books"},
				"west": {"uv": [15, 15, 1, 16], "texture": "#books"},
				"up": {"uv": [15, 15, 1, 16], "rotation": 90, "texture": "#books"},
				"down": {"uv": [0, 15, 1, 1], "texture": "#books"}
			}
		},
		{
			"from": [0, 0, 1],
			"to": [1, 1, 15],
			"rotation": {"angle": 0, "axis": "y", "origin": [-1, 8, 8]},
			"faces": {
				"north": {"uv": [0, 15, 4, 16], "texture": "#books"},
				"east": {"uv": [1, 15, 15, 16], "texture": "#books"},
				"south": {"uv": [12, 15, 16, 16], "texture": "#books"},
				"west": {"uv": [15, 15, 1, 16], "texture": "#books"},
				"up": {"uv": [15, 15, 1, 16], "rotation": 90, "texture": "#books"},
				"down": {"uv": [15, 15, 16, 1], "texture": "#books"}
			}
		},
		{
			"from": [15, 7, 1],
			"to": [16, 9, 15],
			"rotation": {"angle": 0, "axis": "y", "origin": [14, 8, 8]},
			"faces": {
				"north": {"uv": [0, 0, 4, 2], "texture": "#books"},
				"east": {"uv": [1, 7, 15, 9], "texture": "#books"},
				"south": {"uv": [0, 0, 4, 2], "texture": "#books"},
				"west": {"uv": [1, 7, 15, 9], "texture": "#books"},
				"up": {"uv": [1, 7, 15, 8], "rotation": 90, "texture": "#books"},
				"down": {"uv": [1, 8, 15, 9], "rotation": 270, "texture": "#books"}
			}
		},
		{
			"from": [0, 7, 1],
			"to": [1, 9, 15],
			"rotation": {"angle": 0, "axis": "y", "origin": [-1, 8, 8]},
			"faces": {
				"north": {"uv": [0, 0, 4, 2], "texture": "#books"},
				"east": {"uv": [1, 7, 15, 9], "texture": "#books"},
				"south": {"uv": [0, 0, 4, 2], "texture": "#books"},
				"west": {"uv": [1, 7, 15, 9], "texture": "#books"},
				"up": {"uv": [1, 7, 15, 8], "rotation": 90, "texture": "#books"},
				"down": {"uv": [1, 8, 15, 9], "rotation": 270, "texture": "#books"}
			}
		},
		{
			"from": [15, 15, 1],
			"to": [16, 16, 15],
			"rotation": {"angle": 0, "axis": "y", "origin": [14, 8, 8]},
			"faces": {
				"north": {"uv": [0, 0, 4, 1], "texture": "#books"},
				"east": {"uv": [1, 0, 15, 1], "texture": "#books"},
				"south": {"uv": [0, 0, 4, 1], "texture": "#books"},
				"west": {"uv": [1, 0, 15, 1], "texture": "#books"},
				"up": {"uv": [15, 1, 16, 15], "texture": "#books"},
				"down": {"uv": [1, 0, 15, 1], "rotation": 270, "texture": "#books"}
			}
		},
		{
			"from": [0, 15, 1],
			"to": [1, 16, 15],
			"rotation": {"angle": 0, "axis": "y", "origin": [-1, 8, 8]},
			"faces": {
				"north": {"uv": [0, 0, 4, 1], "texture": "#books"},
				"east": {"uv": [1, 0, 15, 1], "texture": "#books"},
				"south": {"uv": [0, 0, 4, 1], "texture": "#books"},
				"west": {"uv": [1, 0, 15, 1], "texture": "#books"},
				"up": {"uv": [0, 1, 1, 15], "texture": "#books"},
				"down": {"uv": [1, 0, 15, 1], "rotation": 270, "texture": "#books"}
			}
		},
		{
			"from": [15, 1, 0],
			"to": [16, 16, 1],
			"faces": {
				"north": {"uv": [0, 0, 1, 15], "texture": "#books"},
				"east": {"uv": [15, 0, 16, 15], "texture": "#books"},
				"south": {"uv": [0, 0, 1, 15], "texture": "#books"},
				"west": {"uv": [0, 0, 1, 15], "texture": "#books"},
				"up": {"uv": [15, 0, 16, 1], "texture": "#books"},
				"down": {"uv": [0, 0, 1, 4], "texture": "#books"}
			}
		},
		{
			"from": [15, 1, 15],
			"to": [16, 16, 16],
			"rotation": {"angle": 0, "axis": "y", "origin": [0, 0, 15]},
			"faces": {
				"north": {"uv": [0, 0, 1, 15], "texture": "#books"},
				"east": {"uv": [0, 0, 1, 15], "texture": "#books"},
				"south": {"uv": [15, 0, 16, 15], "texture": "#books"},
				"west": {"uv": [15, 0, 16, 15], "texture": "#books"},
				"up": {"uv": [15, 15, 16, 16], "texture": "#books"},
				"down": {"uv": [0, 0, 1, 4], "texture": "#books"}
			}
		},
		{
			"from": [0, 1, 15],
			"to": [1, 16, 16],
			"rotation": {"angle": 0, "axis": "y", "origin": [-15, 0, 15]},
			"faces": {
				"north": {"uv": [0, 0, 1, 15], "texture": "#books"},
				"east": {"uv": [0, 0, 1, 15], "texture": "#books"},
				"south": {"uv": [0, 0, 1, 15], "texture": "#books"},
				"west": {"uv": [15, 0, 16, 15], "texture": "#books"},
				"up": {"uv": [15, 15, 16, 16], "texture": "#books"},
				"down": {"uv": [0, 0, 1, 4], "texture": "#books"}
			}
		}
	],
	"groups": [
		{
			"name": "group",
			"origin": [-15, 0, 15],
			"color": 0,
			"nbt": "{}",
			"children": [0, 1, 2, 3, 4, 5, 6, 7, 8, 9, 10, 11, 12, 13, 14, 15, 16]
		}
	]
}