{
	"credit": "Made with Blockbench",
	"parent": "minecraft:block/bookshelf/template_chiseled_bookshelf_slot_top_mid",
	"textures": {
		"texture": "block/bookshelf/chiseled_bookshelf_occupied2"
	},
	"elements": [
		{
			"from": [5.75, 9, 1.25],
			"to": [10.25, 14.75, 4.25],
			"rotation": {"angle": 0, "axis": "y", "origin": [0, 0, 0.25]},
			"faces": {
				"north": {"uv": [6, 1, 10, 7], "texture": "#texture"},
				"east": {"uv": [10, 1, 7, 7], "texture": "#texture"},
				"west": {"uv": [7, 1, 10, 7], "texture": "#texture"},
				"up": {"uv": [10, 1, 6, 3], "texture": "#texture"},
				"down": {"uv": [10, 5, 6, 7], "texture": "#texture"}
			}
		},
		{
			"from": [5.5, 10.775, 1],
			"to": [10.5, 11.925, 4.25],
			"rotation": {"angle": 0, "axis": "y", "origin": [0, -0.65, 0]},
			"faces": {
				"north": {"uv": [6, 4, 10, 5], "texture": "#texture"},
				"east": {"uv": [10, 4, 6, 5], "texture": "#texture"},
				"west": {"uv": [6, 4, 10, 5], "texture": "#texture"},
				"up": {"uv": [10, 4, 6, 5], "texture": "#texture"},
				"down": {"uv": [10, 4, 6, 5], "texture": "#texture"}
			}
		}
	]
}