{
	"credit": "Made with Blockbench",
	"parent": "minecraft:block/bookshelf/template_chiseled_bookshelf_slot_bottom_left",
	"textures": {
		"texture": "block/bookshelf/chiseled_bookshelf_occupied3"
	},
	"elements": [
		{
			"from": [11.25, 1, 1.5],
			"to": [14.75, 6.25, 4.5],
			"faces": {
				"north": {"uv": [1, 9, 5, 15], "texture": "#texture"},
				"east": {"uv": [1, 9, 5, 15], "texture": "#texture"},
				"west": {"uv": [1, 9, 5, 15], "texture": "#texture"},
				"up": {"uv": [1, 15, 5, 13], "texture": "#texture"},
				"down": {"uv": [1, 9, 5, 11], "texture": "#texture"}
			}
		},
		{
			"from": [11.125, 3.5, 1.375],
			"to": [14.875, 4.5, 4.5],
			"faces": {
				"north": {"uv": [1, 11, 5, 12], "texture": "#texture"},
				"east": {"uv": [1, 11, 5, 12], "texture": "#texture"},
				"west": {"uv": [1, 11, 5, 12], "texture": "#texture"},
				"up": {"uv": [5, 12, 1, 11], "texture": "#texture"},
				"down": {"uv": [5, 11, 1, 12], "texture": "#texture"}
			}
		}
	]
}