{
	"credit": "Made with Blockbench",
	"parent": "minecraft:block/bookshelf/template_chiseled_bookshelf_slot_top_left",
	"textures": {
		"texture": "block/bookshelf/chiseled_bookshelf_occupied4"
	},
	"elements": [
		{
			"from": [11, 9, 1],
			"to": [15, 14, 4],
			"faces": {
				"north": {"uv": [1, 2, 5, 7], "texture": "#texture"},
				"east": {"uv": [1, 2, 2, 7], "texture": "#texture"},
				"west": {"uv": [4, 2, 5, 7], "texture": "#texture"},
				"up": {"uv": [5, 2, 1, 4], "texture": "#texture"},
				"down": {"uv": [5, 6, 1, 7], "texture": "#texture"}
			}
		}
	]
}