{
	"credit": "Made with Blockbench",
	"textures": {
		"2": "block/bookshelf/chiseled_bookshelf_side",
		"3": "block/bookshelf/chiseled_bookshelf_top",
		"4": "block/bookshelf/chiseled_bookshelf_empty",
		"particle": "block/bookshelf/chiseled_bookshelf_empty"
	},
	"elements": [
		{
			"from": [0, 0, 4],
			"to": [16, 16, 16],
			"faces": {
				"north": {"uv": [0, 0, 16, 16], "texture": "#4"},
				"east": {"uv": [0, 0, 12, 16], "texture": "#2"},
				"south": {"uv": [0, 0, 16, 16], "texture": "#2"},
				"west": {"uv": [4, 0, 16, 16], "texture": "#2"},
				"up": {"uv": [0, 4, 16, 16], "texture": "#3"},
				"down": {"uv": [0, 0, 16, 12], "texture": "#3"}
			}
		},
		{
			"from": [0, 0, 0],
			"to": [16, 1, 4],
			"faces": {
				"north": {"uv": [0, 15, 16, 16], "texture": "#4"},
				"east": {"uv": [12, 15, 16, 16], "texture": "#2"},
				"south": {"uv": [0, 0, 16, 1], "texture": "#missing"},
				"west": {"uv": [0, 0, 4, 1], "texture": "#2"},
				"up": {"uv": [0, 0, 16, 4], "texture": "#3"},
				"down": {"uv": [0, 12, 16, 16], "texture": "#3"}
			}
		},
		{
			"from": [1, 15, 0],
			"to": [15, 16, 4],
			"faces": {
				"north": {"uv": [1, 0, 15, 1], "texture": "#4"},
				"east": {"uv": [0, 0, 4, 1], "texture": "#missing"},
				"south": {"uv": [0, 0, 14, 1], "texture": "#missing"},
				"west": {"uv": [0, 0, 4, 1], "texture": "#missing"},
				"up": {"uv": [1, 0, 15, 5], "texture": "#3"},
				"down": {"uv": [1, 0, 15, 4], "texture": "#3"}
			}
		},
		{
			"from": [1, 7, 0],
			"to": [15, 9, 4],
			"faces": {
				"north": {"uv": [1, 7, 15, 9], "texture": "#4"},
				"east": {"uv": [0, 0, 4, 2], "texture": "#missing"},
				"south": {"uv": [0, 0, 14, 2], "texture": "#missing"},
				"west": {"uv": [0, 0, 4, 2], "texture": "#missing"},
				"up": {"uv": [1, 0, 15, 4], "texture": "#3"},
				"down": {"uv": [1, 0, 15, 4], "texture": "#3"}
			}
		},
		{
			"from": [0, 1, 0],
			"to": [1, 16, 4],
			"faces": {
				"north": {"uv": [15, 0, 16, 15], "texture": "#4"},
				"east": {"uv": [11, 0, 15, 15], "texture": "#2"},
				"south": {"uv": [0, 0, 1, 15], "texture": "#missing"},
				"west": {"uv": [0, 0, 4, 15], "texture": "#2"},
				"up": {"uv": [0, 0, 1, 4], "texture": "#3"},
				"down": {"uv": [0, 0, 1, 4], "texture": "#missing"}
			}
		},
		{
			"from": [15, 1, 0],
			"to": [16, 16, 4],
			"faces": {
				"north": {"uv": [0, 0, 1, 15], "texture": "#4"},
				"east": {"uv": [11, 0, 16, 15], "texture": "#2"},
				"south": {"uv": [0, 0, 1, 15], "texture": "#missing"},
				"west": {"uv": [0, 0, 4, 15], "texture": "#2"},
				"up": {"uv": [0, 12, 1, 16], "texture": "#3"},
				"down": {"uv": [0, 0, 1, 4], "texture": "#missing"}
			}
		}
	]
}