{
	"credit": "Made with Blockbench",
	"parent": "minecraft:block/bookshelf/template_chiseled_bookshelf_slot_top_right",
	"textures": {
		"texture": "block/bookshelf/chiseled_bookshelf_occupied2"
	},
	"elements": [
		{
			"from": [1, 9, 1],
			"to": [5, 15, 4],
			"faces": {
				"north": {"uv": [11, 1, 15, 7], "texture": "#texture"},
				"east": {"uv": [11, 1, 15, 7], "texture": "#texture"},
				"west": {"uv": [11, 1, 15, 7], "texture": "#texture"},
				"up": {"uv": [11, 1, 15, 4], "texture": "#texture"},
				"down": {"uv": [11, 4, 15, 7], "texture": "#texture"}
			}
		}
	]
}