{
	"credit": "Made with Blockbench",
	"parent": "minecraft:block/bookshelf/template_chiseled_bookshelf_slot_bottom_mid",
	"textures": {
		"texture": "block/bookshelf/chiseled_bookshelf_occupied4"
	},
	"elements": [
		{
			"from": [6, 1, 1],
			"to": [10, 6, 4],
			"faces": {
				"north": {"uv": [6, 10, 10, 15], "texture": "#texture"},
				"east": {"uv": [6, 10, 10, 15], "texture": "#texture"},
				"west": {"uv": [6, 10, 10, 15], "texture": "#texture"},
				"up": {"uv": [10, 10, 6, 12], "texture": "#texture"},
				"down": {"uv": [6, 13, 10, 15], "texture": "#texture"}
			}
		}
	]
}