{
	"credit": "Made with Blockbench",
	"parent": "minecraft:block/bookshelf/template_chiseled_bookshelf_slot_top_mid",
	"textures": {
		"texture": "block/bookshelf/chiseled_bookshelf_occupied4"
	},
	"elements": [
		{
			"from": [6, 9, 1],
			"to": [10, 15, 4],
			"faces": {
				"north": {"uv": [6, 1, 10, 7], "texture": "#texture"},
				"east": {"uv": [10, 1, 7, 7], "texture": "#texture"},
				"west": {"uv": [7, 1, 10, 7], "texture": "#texture"},
				"up": {"uv": [10, 1, 6, 3], "texture": "#texture"},
				"down": {"uv": [10, 5, 6, 7], "texture": "#texture"}
			}
		}
	]
}