{
	"credit": "Made with Blockbench",
	"parent": "minecraft:block/bookshelf/template_chiseled_bookshelf_slot_bottom_left",
	"textures": {
		"texture": "block/bookshelf/chiseled_bookshelf_occupied"
	},
	"elements": [
		{
			"from": [11.1, 1, 0.625],
			"to": [14.9, 7, 3.625],
			"faces": {
				"north": {"uv": [1, 9, 5, 15], "texture": "#texture"},
				"east": {"uv": [1, 9, 2, 15], "texture": "#texture"},
				"west": {"uv": [4, 9, 5, 15], "texture": "#texture"},
				"up": {"uv": [5, 9, 1, 11], "texture": "#texture"},
				"down": {"uv": [5, 13, 1, 15], "texture": "#texture"}
			}
		},
		{
			"from": [10.85, 3, 0.375],
			"to": [15.15, 5, 3.625],
			"faces": {
				"north": {"uv": [1, 11, 5, 13], "texture": "#texture"},
				"east": {"uv": [1, 11, 2, 13], "texture": "#texture"},
				"west": {"uv": [4, 11, 5, 13], "texture": "#texture"},
				"up": {"uv": [5, 11, 1, 13], "texture": "#texture"},
				"down": {"uv": [5, 11, 1, 13], "texture": "#texture"}
			}
		},
		{
			"from": [11.85, 2.875, 0.25],
			"to": [14.15, 5.125, 3.625],
			"faces": {
				"north": {"uv": [2, 11, 4, 13], "texture": "#texture"},
				"east": {"uv": [2, 11, 3, 13], "texture": "#texture"},
				"west": {"uv": [3, 11, 4, 13], "texture": "#texture"},
				"up": {"uv": [4, 11, 2, 13], "texture": "#texture"},
				"down": {"uv": [4, 11, 2, 13], "texture": "#texture"}
			}
		}
	]
}