{
	"credit": "Made with Blockbench",
	"parent": "minecraft:block/bookshelf/template_chiseled_bookshelf_slot_bottom_left",
	"textures": {
		"texture": "block/bookshelf/chiseled_bookshelf_occupied2"
	},
	"elements": [
		{
			"from": [11.5, 1, 0.5],
			"to": [14.5, 6.75, 4.5],
			"faces": {
				"north": {"uv": [1, 9, 4, 15], "texture": "#texture"},
				"east": {"uv": [1, 9, 4, 15], "texture": "#texture"},
				"west": {"uv": [1, 9, 4, 15], "texture": "#texture"},
				"up": {"uv": [1, 15, 4, 13], "texture": "#texture"},
				"down": {"uv": [1, 9, 4, 11], "texture": "#texture"}
			}
		},
		{
			"from": [11.375, 3.75, 0.375],
			"to": [14.625, 5, 4.5],
			"faces": {
				"north": {"uv": [1, 11, 4, 12], "texture": "#texture"},
				"east": {"uv": [1, 11, 2, 12], "texture": "#texture"},
				"west": {"uv": [3, 11, 4, 12], "texture": "#texture"},
				"up": {"uv": [1, 12, 4, 11], "texture": "#texture"},
				"down": {"uv": [1, 11, 4, 12], "texture": "#texture"}
			}
		}
	]
}