{
	"credit": "Made with Blockbench",
	"parent": "minecraft:block/bookshelf/template_chiseled_bookshelf_slot_bottom_mid",
	"textures": {
		"texture": "block/bookshelf/chiseled_bookshelf_occupied2"
	},
	"elements": [
		{
			"from": [6, 1, 0.5],
			"to": [10, 6, 4],
			"faces": {
				"north": {"uv": [6, 10, 10, 15], "texture": "#texture"},
				"east": {"uv": [6, 10, 10, 15], "texture": "#texture"},
				"west": {"uv": [6, 10, 10, 15], "texture": "#texture"},
				"up": {"uv": [10, 10, 6, 12], "texture": "#texture"},
				"down": {"uv": [10, 13, 6, 15], "texture": "#texture"}
			}
		},
		{
			"from": [5.825, 2.75, 0.375],
			"to": [10.175, 4.25, 4],
			"faces": {
				"north": {"uv": [6, 12, 10, 13], "texture": "#texture"},
				"east": {"uv": [6, 12, 10, 13], "texture": "#texture"},
				"west": {"uv": [6, 12, 10, 13], "texture": "#texture"},
				"up": {"uv": [10, 12, 6, 13], "texture": "#texture"},
				"down": {"uv": [10, 12, 6, 13], "texture": "#texture"}
			}
		}
	]
}