{
	"credit": "Made with Blockbench",
	"parent": "minecraft:block/bookshelf/template_chiseled_bookshelf_slot_top_left",
	"textures": {
		"texture": "block/bookshelf/chiseled_bookshelf_occupied3"
	},
	"elements": [
		{
			"from": [11.25, 9, 0.75],
			"to": [14.75, 14.5, 3.75],
			"rotation": {"angle": 0, "axis": "y", "origin": [0, 0, -0.25]},
			"faces": {
				"north": {"uv": [1, 1, 5, 7], "texture": "#texture"},
				"east": {"uv": [1, 1, 2, 7], "texture": "#texture"},
				"west": {"uv": [4, 1, 5, 7], "texture": "#texture"},
				"up": {"uv": [5, 1, 1, 3], "texture": "#texture"},
				"down": {"uv": [5, 5, 1, 7], "texture": "#texture"}
			}
		},
		{
			"from": [10.75, 10.75, 0.5],
			"to": [15.25, 12.75, 3.75],
			"rotation": {"angle": 0, "axis": "y", "origin": [0, 0.75, -0.25]},
			"faces": {
				"north": {"uv": [1, 3, 5, 5], "texture": "#texture"},
				"east": {"uv": [1, 3, 2, 5], "texture": "#texture"},
				"west": {"uv": [4, 3, 5, 5], "texture": "#texture"},
				"up": {"uv": [5, 3, 1, 5], "texture": "#texture"},
				"down": {"uv": [5, 3, 1, 5], "texture": "#texture"}
			}
		},
		{
			"from": [11.825, 10.525, 0.25],
			"to": [14.175, 12.975, 3.75],
			"rotation": {"angle": 0, "axis": "y", "origin": [0, 0.75, -0.25]},
			"faces": {
				"north": {"uv": [2, 3, 4, 5], "texture": "#texture"},
				"east": {"uv": [2, 3, 3, 5], "texture": "#texture"},
				"west": {"uv": [3, 3, 4, 5], "texture": "#texture"},
				"up": {"uv": [4, 3, 2, 5], "texture": "#texture"},
				"down": {"uv": [4, 3, 2, 5], "texture": "#texture"}
			}
		}
	]
}