{
	"credit": "Made with Blockbench",
	"parent": "minecraft:block/bookshelf/template_chiseled_bookshelf_slot_bottom_right",
	"textures": {
		"texture": "block/bookshelf/chiseled_bookshelf_occupied4"
	},
	"elements": [
		{
			"from": [1, 1, 1],
			"to": [5, 7, 4],
			"faces": {
				"north": {"uv": [11, 9, 15, 15], "texture": "#texture"},
				"east": {"uv": [11, 9, 12, 15], "texture": "#texture"},
				"west": {"uv": [14, 9, 15, 15], "texture": "#texture"},
				"up": {"uv": [11, 9, 15, 11], "texture": "#texture"},
				"down": {"uv": [11, 13, 15, 15], "texture": "#texture"}
			}
		}
	]
}