{
  "variants": {
    "axis=x": [
	{"model": "minecraft:block/log/birch_wood1","x": 90,"y": 90},
	{"model": "minecraft:block/log/birch_wood2","x": 90,"y": 90},
	{"model": "minecraft:block/log/birch_wood3","x": 90,"y": 90}
	],
    "axis=y": [
	{"model": "minecraft:block/log/birch_wood1"},
	{"model": "minecraft:block/log/birch_wood2"},
	{"model": "minecraft:block/log/birch_wood3"}
	],
    "axis=z": [
	{"model": "minecraft:block/log/birch_wood1","x": 90},
	{"model": "minecraft:block/log/birch_wood2","x": 90},
	{"model": "minecraft:block/log/birch_wood3","x": 90}
	]
  }
}