{
  "multipart": [
	{
	"apply": [
		{"model": "minecraft:block/fence/birch_fence_post1", "weight": 1},
		{"model": "minecraft:block/fence/birch_fence_post2", "weight": 1},
		{"model": "minecraft:block/fence/birch_fence_post3", "weight": 1}	
    ]
		},
    {
      "apply": {
        "model": "minecraft:block/fence/birch_fence_side",
        "uvlock": true
      },
      "when": {
        "north": "true"
      }
    },
    {
      "apply": {
        "model": "minecraft:block/fence/birch_fence_side",
        "uvlock": true,
        "y": 90
      },
      "when": {
        "east": "true"
      }
    },
    {
      "apply": {
        "model": "minecraft:block/fence/birch_fence_side",
        "uvlock": true,
        "y": 180
      },
      "when": {
        "south": "true"
      }
    },
    {
      "apply": {
        "model": "minecraft:block/fence/birch_fence_side",
        "uvlock": true,
        "y": 270
      },
      "when": {
        "west": "true"
      }
    }
  ]
}