{
  "variants": {
    "": [
      {"model": "minecraft:block/dirt/dirt_path1", "weight": 5},
      {"model": "minecraft:block/dirt/dirt_path1", "y": 90, "weight": 5},
      {"model": "minecraft:block/dirt/dirt_path1", "y": 180, "weight": 5},
      {"model": "minecraft:block/dirt/dirt_path1", "y": 270, "weight": 5},
	  {"model": "minecraft:block/dirt/dirt_path2", "weight": 3}, 
      {"model": "minecraft:block/dirt/dirt_path2", "y": 90, "weight": 3},
      {"model": "minecraft:block/dirt/dirt_path2", "y": 180, "weight": 3},
      {"model": "minecraft:block/dirt/dirt_path2", "y": 270, "weight": 3},
	  {"model": "minecraft:block/dirt/dirt_path3", "weight": 1},
      {"model": "minecraft:block/dirt/dirt_path3", "y": 90, "weight": 1},
      {"model": "minecraft:block/dirt/dirt_path3", "y": 180, "weight": 1},
      {"model": "minecraft:block/dirt/dirt_path3", "y": 270, "weight": 1}
    ]
  }
}