{
  "variants": {
    "facing=east": [
	{"model": "minecraft:block/ladder","y": 90, "weight": 10},
	{"model": "minecraft:block/ladder2","y": 90, "weight": 3},
	{"model": "minecraft:block/ladder3","y": 90, "weight": 2}
	],
    "facing=north": [
	{"model": "minecraft:block/ladder","y": 0, "weight": 10},
	{"model": "minecraft:block/ladder2","y": 0, "weight": 3},
	{"model": "minecraft:block/ladder3","y": 0, "weight": 2}
	],
    "facing=south": [
	{"model": "minecraft:block/ladder","y": 180, "weight": 10},
	{"model": "minecraft:block/ladder2","y": 180, "weight": 3},
	{"model": "minecraft:block/ladder3","y": 180, "weight": 2}
	],
    "facing=west": [
	{"model": "minecraft:block/ladder","y": 270, "weight": 10},
	{"model": "minecraft:block/ladder2","y": 270, "weight": 3},
	{"model": "minecraft:block/ladder3","y": 270, "weight": 2}
	]
  }
}