{
  "variants": {
    "": [
	{"model": "minecraft:block/moss/moss_carpet1", "weight": 3},
	{"model": "minecraft:block/moss/moss_carpet1", "weight": 3, "y": 90},
	{"model": "minecraft:block/moss/moss_carpet2", "weight": 1},
	{"model": "minecraft:block/moss/moss_carpet2", "weight": 1, "y": 90},
	{"model": "minecraft:block/moss/moss_carpet3", "weight": 1},
	{"model": "minecraft:block/moss/moss_carpet3", "weight": 1, "y": 90},
	{"model": "minecraft:block/moss/moss_carpet4", "weight": 1},
	{"model": "minecraft:block/moss/moss_carpet4"," weight": 1, "y": 90},
	{"model": "minecraft:block/moss/moss_carpet5", "weight": 5},
	{"model": "minecraft:block/moss/moss_carpet5"," weight": 5, "y": 90},
	{"model": "minecraft:block/moss/moss_carpet6", "weight": 1},
	{"model": "minecraft:block/moss/moss_carpet6"," weight": 1, "y": 90}
	]
  }
}