{
  "variants": {
    "facing=east,half=bottom,shape=inner_left": [
		{"model": "minecraft:block/mud_bricks/mud_brick_stairs_inner1", "uvlock": true, "y": 270},
		{"model": "minecraft:block/mud_bricks/mud_brick_stairs_inner2", "uvlock": true, "y": 270}
    ],
    "facing=east,half=bottom,shape=inner_right": [
		{"model": "minecraft:block/mud_bricks/mud_brick_stairs_inner1"},
		{"model": "minecraft:block/mud_bricks/mud_brick_stairs_inner2"}
    ],
    "facing=east,half=bottom,shape=outer_left": [
		{"model": "minecraft:block/mud_bricks/mud_brick_stairs_outer1", "uvlock": true, "y": 270},
		{"model": "minecraft:block/mud_bricks/mud_brick_stairs_outer2", "uvlock": true, "y": 270}
    ],
    "facing=east,half=bottom,shape=outer_right": [
		{"model": "minecraft:block/mud_bricks/mud_brick_stairs_outer1"},
		{"model": "minecraft:block/mud_bricks/mud_brick_stairs_outer2"}
    ],
    "facing=east,half=bottom,shape=straight":[
		{"model": "minecraft:block/mud_bricks/mud_brick_stairs1"},
		{"model": "minecraft:block/mud_bricks/mud_brick_stairs2"}
	],
    "facing=east,half=top,shape=inner_left": [
		{"model": "minecraft:block/mud_bricks/mud_brick_stairs_inner1", "uvlock": true, "x": 180},
		{"model": "minecraft:block/mud_bricks/mud_brick_stairs_inner2", "uvlock": true, "x": 180}
    ],
    "facing=east,half=top,shape=inner_right": [
		{"model": "minecraft:block/mud_bricks/mud_brick_stairs_inner1", "uvlock": true, "x": 180, "y": 90},
		{"model": "minecraft:block/mud_bricks/mud_brick_stairs_inner2", "uvlock": true, "x": 180, "y": 90}
    ],
    "facing=east,half=top,shape=outer_left": [
		{"model": "minecraft:block/mud_bricks/mud_brick_stairs_outer1", "uvlock": true, "x": 180},
		{"model": "minecraft:block/mud_bricks/mud_brick_stairs_outer2", "uvlock": true, "x": 180}
    ],
    "facing=east,half=top,shape=outer_right": [
		{"model": "minecraft:block/mud_bricks/mud_brick_stairs_outer1", "uvlock": true, "x": 180, "y": 90},
		{"model": "minecraft:block/mud_bricks/mud_brick_stairs_outer2", "uvlock": true, "x": 180, "y": 90}
    ],
    "facing=east,half=top,shape=straight":[
		{"model": "minecraft:block/mud_bricks/mud_brick_stairs1", "uvlock": true, "x": 180},
		{"model": "minecraft:block/mud_bricks/mud_brick_stairs2", "uvlock": true, "x": 180}
    ],
    "facing=north,half=bottom,shape=inner_left": [
		{"model": "minecraft:block/mud_bricks/mud_brick_stairs_inner1", "uvlock": true, "y": 180},
		{"model": "minecraft:block/mud_bricks/mud_brick_stairs_inner2", "uvlock": true, "y": 180}
    ],
    "facing=north,half=bottom,shape=inner_right": [
		{"model": "minecraft:block/mud_bricks/mud_brick_stairs_inner1", "uvlock": true, "y": 270},
		{"model": "minecraft:block/mud_bricks/mud_brick_stairs_inner2", "uvlock": true, "y": 270}
    ],
    "facing=north,half=bottom,shape=outer_left": [
		{"model": "minecraft:block/mud_bricks/mud_brick_stairs_outer1", "uvlock": true, "y": 180},
		{"model": "minecraft:block/mud_bricks/mud_brick_stairs_outer2", "uvlock": true, "y": 180}
    ],
    "facing=north,half=bottom,shape=outer_right": [
		{"model": "minecraft:block/mud_bricks/mud_brick_stairs_outer1", "uvlock": true, "y": 270},
		{"model": "minecraft:block/mud_bricks/mud_brick_stairs_outer2", "uvlock": true, "y": 270}
    ],
    "facing=north,half=bottom,shape=straight":[
		{"model": "minecraft:block/mud_bricks/mud_brick_stairs1", "uvlock": true, "y": 270},
		{"model": "minecraft:block/mud_bricks/mud_brick_stairs2", "uvlock": true, "y": 270}
    ],
    "facing=north,half=top,shape=inner_left": [
		{"model": "minecraft:block/mud_bricks/mud_brick_stairs_inner1", "uvlock": true, "x": 180, "y": 270},
		{"model": "minecraft:block/mud_bricks/mud_brick_stairs_inner2", "uvlock": true, "x": 180, "y": 270}
    ],
    "facing=north,half=top,shape=inner_right": [
		{"model": "minecraft:block/mud_bricks/mud_brick_stairs_inner1", "uvlock": true, "x": 180},
		{"model": "minecraft:block/mud_bricks/mud_brick_stairs_inner2", "uvlock": true, "x": 180}
    ],
    "facing=north,half=top,shape=outer_left": [
		{"model": "minecraft:block/mud_bricks/mud_brick_stairs_outer1", "uvlock": true, "x": 180, "y": 270},
		{"model": "minecraft:block/mud_bricks/mud_brick_stairs_outer2", "uvlock": true, "x": 180, "y": 270}
    ],
    "facing=north,half=top,shape=outer_right": [
		{"model": "minecraft:block/mud_bricks/mud_brick_stairs_outer1", "uvlock": true, "x": 180},
		{"model": "minecraft:block/mud_bricks/mud_brick_stairs_outer2", "uvlock": true, "x": 180}
    ],
    "facing=north,half=top,shape=straight":[
		{"model": "minecraft:block/mud_bricks/mud_brick_stairs1", "uvlock": true, "x": 180, "y": 270},
		{"model": "minecraft:block/mud_bricks/mud_brick_stairs2", "uvlock": true, "x": 180, "y": 270}
    ],
    "facing=south,half=bottom,shape=inner_left": [
		{"model": "minecraft:block/mud_bricks/mud_brick_stairs_inner1"},
		{"model": "minecraft:block/mud_bricks/mud_brick_stairs_inner2"}
    ],
    "facing=south,half=bottom,shape=inner_right": [
		{"model": "minecraft:block/mud_bricks/mud_brick_stairs_inner1", "uvlock": true, "y": 90},
		{"model": "minecraft:block/mud_bricks/mud_brick_stairs_inner2", "uvlock": true, "y": 90}
    ],
    "facing=south,half=bottom,shape=outer_left": [
		{"model": "minecraft:block/mud_bricks/mud_brick_stairs_outer1"},
		{"model": "minecraft:block/mud_bricks/mud_brick_stairs_outer2"}
    ],
    "facing=south,half=bottom,shape=outer_right": [
		{"model": "minecraft:block/mud_bricks/mud_brick_stairs_outer1", "uvlock": true, "y": 90},
		{"model": "minecraft:block/mud_bricks/mud_brick_stairs_outer2", "uvlock": true, "y": 90}
    ],
    "facing=south,half=bottom,shape=straight":[
		{"model": "minecraft:block/mud_bricks/mud_brick_stairs1", "uvlock": true, "y": 90},
		{"model": "minecraft:block/mud_bricks/mud_brick_stairs2", "uvlock": true, "y": 90}
    ],
    "facing=south,half=top,shape=inner_left": [
		{"model": "minecraft:block/mud_bricks/mud_brick_stairs_inner1", "uvlock": true, "x": 180, "y": 90},
		{"model": "minecraft:block/mud_bricks/mud_brick_stairs_inner2", "uvlock": true, "x": 180, "y": 90}
    ],
    "facing=south,half=top,shape=inner_right": [
		{"model": "minecraft:block/mud_bricks/mud_brick_stairs_inner1", "uvlock": true, "x": 180, "y": 180},
		{"model": "minecraft:block/mud_bricks/mud_brick_stairs_inner2", "uvlock": true, "x": 180, "y": 180}
    ],
    "facing=south,half=top,shape=outer_left": [
		{"model": "minecraft:block/mud_bricks/mud_brick_stairs_outer1", "uvlock": true, "x": 180, "y": 90},
		{"model": "minecraft:block/mud_bricks/mud_brick_stairs_outer2", "uvlock": true, "x": 180, "y": 90}
    ],
    "facing=south,half=top,shape=outer_right": [
		{"model": "minecraft:block/mud_bricks/mud_brick_stairs_outer1", "uvlock": true, "x": 180, "y": 180},
		{"model": "minecraft:block/mud_bricks/mud_brick_stairs_outer2", "uvlock": true, "x": 180, "y": 180}
    ],
    "facing=south,half=top,shape=straight":[
		{"model": "minecraft:block/mud_bricks/mud_brick_stairs1", "uvlock": true, "x": 180, "y": 90},
		{"model": "minecraft:block/mud_bricks/mud_brick_stairs2", "uvlock": true, "x": 180, "y": 90}
    ],
    "facing=west,half=bottom,shape=inner_left": [
		{"model": "minecraft:block/mud_bricks/mud_brick_stairs_inner1", "uvlock": true, "y": 90},
		{"model": "minecraft:block/mud_bricks/mud_brick_stairs_inner2", "uvlock": true, "y": 90}
    ],
    "facing=west,half=bottom,shape=inner_right": [
		{"model": "minecraft:block/mud_bricks/mud_brick_stairs_inner1", "uvlock": true, "y": 180},
		{"model": "minecraft:block/mud_bricks/mud_brick_stairs_inner2", "uvlock": true, "y": 180}
    ],
    "facing=west,half=bottom,shape=outer_left": [
		{"model": "minecraft:block/mud_bricks/mud_brick_stairs_outer1", "uvlock": true, "y": 90},
		{"model": "minecraft:block/mud_bricks/mud_brick_stairs_outer2", "uvlock": true, "y": 90}
    ],
    "facing=west,half=bottom,shape=outer_right": [
		{"model": "minecraft:block/mud_bricks/mud_brick_stairs_outer1", "uvlock": true, "y": 180},
		{"model": "minecraft:block/mud_bricks/mud_brick_stairs_outer2", "uvlock": true, "y": 180}
    ],
    "facing=west,half=bottom,shape=straight":[
		{"model": "minecraft:block/mud_bricks/mud_brick_stairs1", "uvlock": true, "y": 180},
		{"model": "minecraft:block/mud_bricks/mud_brick_stairs2", "uvlock": true, "y": 180}
    ],
    "facing=west,half=top,shape=inner_left": [
		{"model": "minecraft:block/mud_bricks/mud_brick_stairs_inner1", "uvlock": true, "x": 180, "y": 180},
		{"model": "minecraft:block/mud_bricks/mud_brick_stairs_inner2", "uvlock": true, "x": 180, "y": 180}
    ],
    "facing=west,half=top,shape=inner_right": [
		{"model": "minecraft:block/mud_bricks/mud_brick_stairs_inner1", "uvlock": true, "x": 180, "y": 270},
		{"model": "minecraft:block/mud_bricks/mud_brick_stairs_inner2", "uvlock": true, "x": 180, "y": 270}
    ],
    "facing=west,half=top,shape=outer_left": [
		{"model": "minecraft:block/mud_bricks/mud_brick_stairs_outer1", "uvlock": true, "x": 180, "y": 180},
		{"model": "minecraft:block/mud_bricks/mud_brick_stairs_outer2", "uvlock": true, "x": 180, "y": 180}
    ],
    "facing=west,half=top,shape=outer_right": [
		{"model": "minecraft:block/mud_bricks/mud_brick_stairs_outer1", "uvlock": true, "x": 180, "y": 270},
		{"model": "minecraft:block/mud_bricks/mud_brick_stairs_outer2", "uvlock": true, "x": 180, "y": 270}
    ],
    "facing=west,half=top,shape=straight":[
		{"model": "minecraft:block/mud_bricks/mud_brick_stairs1", "uvlock": true, "x": 180, "y": 180},
		{"model": "minecraft:block/mud_bricks/mud_brick_stairs2", "uvlock": true, "x": 180, "y": 180}
    ]
  }
}