{
  "variants": {
    "": [
	{"model": "minecraft:block/foliage/red_mushroom1", "y": 0, "weight": 1},
	{"model": "minecraft:block/foliage/red_mushroom1", "y": 90, "weight": 1},
	{"model": "minecraft:block/foliage/red_mushroom1", "y": 180, "weight": 1},
	{"model": "minecraft:block/foliage/red_mushroom1", "y": 270, "weight": 1},
	{"model": "minecraft:block/foliage/red_mushroom2", "y": 0, "weight": 1},
	{"model": "minecraft:block/foliage/red_mushroom2", "y": 90, "weight": 1},
	{"model": "minecraft:block/foliage/red_mushroom2", "y": 180, "weight": 1},
	{"model": "minecraft:block/foliage/red_mushroom2", "y": 270, "weight": 1}
    ]
  }
}