{
  "variants":{
		"type=bottom":[
			{"model": "minecraft:block/stone/stone_brick_slab1"},
			{"model": "minecraft:block/stone/stone_brick_slab2"},
			{"model": "minecraft:block/stone/stone_brick_slab3"}
		],
		"type=double":[
			{"model": "minecraft:block/stone/stone_brick_slab_double1"},
			{"model": "minecraft:block/stone/stone_brick_slab_double2"}
		],
		"type=top":[
			{"model": "minecraft:block/stone/stone_brick_slab_top1"},
			{"model": "minecraft:block/stone/stone_brick_slab_top2"},
			{"model": "minecraft:block/stone/stone_brick_slab_top3"}
		]
	}
}